直播id,直播开始时间,直播结束时间,GPM,9990,累计观看人数,新增粉丝数,999,整体成单率,直播间评论次数,直播间分享次数,整体下单率,整体下单数,直播间平均成单金额(元),直播间新加团人数,直播间商品点击次数,直播间查看购物车次数,直播间打赏次数,消耗(元),广告GPM(元),广告ROI,广告成交金额(元),广告成单数,广告成单率,广告点击次数,广告点击率,平均千次展现费用(元),广告下单数,广告下单率,广告点击单价(元),广告转化率,广告转化数,广告转化成本(元),广告平均成单金额(元),广告引导超1分钟观看人数
7.01E+18,1633172060,1633190177,0,0,78033,1722,0,0,4426,40,0,0,0,59,18758,28384,123,37189.55,0,0,0,0,0,31936,2.24,26.07,0,0,1.16,6.63,2117,17.57,0,8445
7.01E+18,1633258451,1633276624,0,0,64933,1385,0,0,4650,30,0,0,0,47,17214,25347,165,28021.22,0,0,0,0,0,25208,2.45,27.22,0,0,1.11,6.97,1757,15.95,0,7058
7.02E+18,1633344867,1633363070,0,0,86547,2250,0,0,6146,41,0,0,0,52,21547,32242,158,37228.89,0,0,0,0,0,33742,2.3,25.33,0,0,1.1,6.28,2119,17.57,0,9116
7.02E+18,1633326857,1633336129,0,0,26945,439,0,0,1760,8,0,0,0,11,6447,9713,50,8454.79,0,0,0,0,0,7208,2.53,29.68,0,0,1.17,7.69,554,15.26,0,1957
7.02E+18,1633431244,1633449417,1374.48,93513.86,68036,1399,3095,12.61,4398,43,16.62,4077,30.21,48,16775,24454,141,26867.59,0,0,0,0,0,24538,2.31,25.25,0,0,1.09,7.2,1766,15.21,0,6595
7.02E+18,1633517657,1633535707,0,0,78782,2085,0,0,6457,53,0,0,0,48,19285,28397,162,46868.27,0,0,0,0,0,38061,2.16,26.62,0,0,1.23,6.86,2612,17.94,0,10047
7.02E+18,1633604046,1633622293,2125.21,232035.17,109182,3892,7346,12.97,9260,57,16.23,9190,31.59,70,30156,41995,225,76405.42,0,0,0,0,0,56627,2.29,30.93,0,0,1.35,8.01,4537,16.84,0,16018
7.02E+18,1633776860,1633795001,0,0,66881,1116,0,0,4219,50,0,0,0,43,16004,25060,118,25760.16,0,0,0,0,0,25516,2.12,21.41,0,0,1.01,5.5,1404,18.35,0,6338
7.02E+18,1633863254,1633881388,1649.96,149200.61,90427,2176,4422,11.76,7145,70,15.25,5735,33.74,70,23466,35561,154,43859.31,0,0,0,0,0,37615,2.3,26.83,0,0,1.17,6.64,2496,17.57,0,10152
7.02E+18,1633949672,1633967790,0,0,72303,1290,0,0,6540,55,0,0,0,77,20649,32061,150,27356.21,0,0,0,0,0,22047,2.34,29.06,0,0,1.24,6.88,1516,18.04,0,6398
7.02E+18,1634036088,1634053963,0,0,61403,1118,0,0,5712,55,0,0,0,49,19293,28969,108,21795.26,0,0,0,0,0,19399,2.34,26.26,0,0,1.12,6.5,1261,17.28,0,5751
7.02E+18,1634122455,1634140598,0,0,78430,1799,0,0,7804,42,0,0,0,70,23637,36031,157,32129.87,0,0,0,0,0,27179,2.58,30.52,0,0,1.18,7.69,2091,15.37,0,8531
7.02E+18,1634212452,1634216316,0,0,19522,227,0,0,1186,14,0,0,0,7,5159,7388,31,3524.69,0,0,0,0,0,2764,1.94,24.78,0,0,1.28,8.47,234,15.06,0,713
7.02E+18,1634208958,1634209386,0,0,176,1,0,0,19,0,0,0,0,0,86,85,0,2.8,0,0,0,0,0,0,0,140,0,0,0,0,0,0,0,0
7.02E+18,1634295283,1634308659,0,0,137268,5017,0,0,19154,99,0,0,0,196,49305,67018,369,89456.27,0,0,0,0,0,66517,2.31,31.1,0,0,1.34,7.98,5306,16.86,0,20401
7.02E+18,1634295272,1634295277,0,0,0,0,0,0,0,0,0,0,0,0,0,0,0,0,0,0,0,0,0,0,0,0,0,0,0,0,0,0,0,0
7.02E+18,1634381735,1634396845,0,0,140217,4625,0,0,16429,80,0,0,0,216,48711,63527,376,92483.87,0,0,0,0,0,65982,2.43,34.05,0,0,1.4,8.39,5536,16.71,0,19257
7.02E+18,1634468131,1634483922,2451.61,518580.13,211526,8529,15809,15.91,21263,132,19.81,19680,32.8,287,67385,87320,510,147778.12,0,0,0,0,0,99342,2.42,35.96,0,0,1.49,8.6,8547,17.29,0,28896
7.02E+18,1634554507,1634563323,0,0,113114,3359,0,0,8864,85,0,0,0,113,32698,41813,196,57694.39,0,0,0,0,0,44161,1.97,25.7,0,0,1.31,7.8,3444,16.75,0,12326
7.02E+18,1634727320,1634742971,0,0,231467,5044,0,0,15882,87,0,0,0,150,59155,73127,659,64870.92,0,0,0,0,0,51653,2.12,26.65,0,0,1.26,7.7,3977,16.31,0,16626
7.02E+18,1634813727,1634827793,1930.59,334612.34,173321,4529,9663,14.62,13254,89,18.14,11989,34.63,115,45254,60217,481,86525.29,0,0,0,0,0,61931,2.04,28.44,0,0,1.4,7.22,4474,19.34,0,18179
7.02E+18,1634900135,1634917163,0,0,178270,4445,0,0,14760,111,0,0,0,131,44880,60457,494,89290.75,0,0,0,0,0,67206,2.14,28.39,0,0,1.33,6.47,4349,20.53,0,20643
7.02E+18,1634986535,1635003050,2822.62,502441.29,178005,6896,12475,11.08,18582,123,13.52,15221,40.28,169,53119,69881,623,154195.04,0,0,0,0,0,110318,2.1,29.38,0,0,1.4,7.84,8648,17.83,0,29149
7.02E+18,1635072904,1635089441,0,0,178944,6707,0,0,18961,80,0,0,0,170,48275,66427,650,131269.79,0,0,0,0,0,99121,2.03,26.89,0,0,1.32,6.29,6234,21.06,0,26884
7.02E+18,1635245705,1635258075,2222.22,513046.12,230871,8036,13619,14.42,22223,143,18.63,17590,37.67,257,66741,86699,740,136862.91,0,0,0,0,0,88270,2.32,35.9,0,0,1.55,7.77,6862,19.95,0,27687
7.02E+18,1635332127,1635346662,2329.95,554096.06,237815,9144,14264,13.76,23121,136,17.45,18089,38.85,251,64675,86744,793,145731.74,0,0,0,0,0,97240,2.18,32.65,0,0,1.5,7.18,6981,20.88,0,34136
7.02E+18,1635418539,1635434820,2247.52,504805.6,224606,6783,14008,15.35,20922,120,18.93,17274,36.04,203,62597,81299,694,133796.82,0,0,0,0,0,85834,2.16,33.65,0,0,1.56,7.31,6278,21.31,0,26660
7.02E+18,1635591306,1635607476,0,0,195902,7273,0,0,23209,87,0,0,0,232,60564,79703,725,135511.48,0,0,0,0,0,79431,2.32,39.53,0,0,1.71,8.13,6459,20.98,0,25082
7.03E+18,1635677724,1635688961,2203.15,403385.9,183095,5666,10654,16.45,15959,100,20.64,13364,37.86,224,49343,65382,636,99721.59,0,0,0,0,0,64760,2.11,32.45,0,0,1.54,7.58,4906,20.33,0,20334
7.03E+18,1635764104,1635778638,2320.05,509387.25,219559,7274,13365,15.64,20679,122,19.59,16742,38.11,239,63156,82503,659,143978.67,3873.38,2.12,305733.33,7764,9.09,85450,2.14,36.06,9925,11.61,1.68,7.3,6238,23.08,39.38,27502
7.03E+18,1635850528,1635868779,2927.48,1006878.9,343941,14367,23932,16.28,37236,233,20.17,29656,42.07,473,102647,129734,1384,285212.12,5176.77,2.45,700039.02,16372,11.14,147011,2.31,44.88,20505,13.95,1.94,8.33,12246,23.29,42.76,49419
7.03E+18,1635936936,1635958070,2734,1005979.46,367951,13699,24593,17.34,35909,193,21.57,30606,40.91,546,101921,128862,1152,290736.43,5444.01,2.45,712588.53,17196,12.12,141863,2.31,47.34,21546,15.19,2.05,8.65,12275,23.69,41.44,46107
7.03E+18,1636109710,1636127945,2797.38,946767.21,338448,12477,22578,15.33,36478,198,19.1,28125,41.93,430,93509,119937,964,278640.18,5103.39,2.48,691871.75,16323,11.08,147263,2.26,42.69,20567,13.97,1.89,8.05,11852,23.51,42.39,47133
7.03E+18,1636196105,1636214332,3074.05,859998.08,279761,11484,20402,13.73,33960,158,17.1,25412,42.15,438,80662,103009,925,263170.89,4683.18,2.43,639273.12,15063,10.14,148615,2.28,40.46,18927,12.74,1.77,7.73,11484,22.92,42.44,46830
7.03E+18,1636376104,1636384856,0,0,91474,2720,0,0,10961,63,0,0,0,111,30079,36039,224,91982.22,4425.86,1.81,166168.82,4368,10.71,40789,2.72,61.24,5506,13.5,2.26,8.37,3413,26.95,38.04,15292
7.03E+18,1636350970,1636373109,2674.41,677653.57,253384,10383,16137,13.18,35798,163,17.05,20875,41.99,471,70543,91374,1125,235920.35,4283.17,2.06,486003.02,11310,9.24,122433,2.2,42.32,14787,12.08,1.93,7.27,8899,26.51,42.97,45205
7.03E+18,1636455307,1636470031,2661.13,324559.58,121963,3524,8603,15.99,14448,100,20.32,10928,37.73,136,41203,50499,325,105553.38,4425.48,2.09,220366.9,5886,10.94,53786,2.68,52.55,7564,14.06,1.96,9.08,4882,21.62,37.44,18688
7.03E+18,1636541714,1636557192,0,0,163739,4675,0,0,18816,125,0,0,0,217,52381,63821,453,146479.24,5134.86,1.95,286140.28,7262,12.06,60216,2.74,66.71,9219,15.31,2.43,9.13,5500,26.63,39.4,22922
7.03E+18,1636628353,1636642639,3100.62,624077.57,201275,6016,16367,17.81,20790,146,22.84,20994,38.13,195,70508,83213,425,210216.3,5074.52,1.92,404155.27,10729,12.39,86621,2.58,62.62,13944,16.1,2.43,9.3,8058,26.09,37.67,31051
7.03E+18,1636714508,1636730253,2374.75,361398.7,152184,4516,10193,15.1,15898,112,18.67,12599,35.46,182,45845,56521,466,120353.23,4065.26,2.1,253306.54,7149,10.59,67487,2.44,43.43,8900,13.19,1.78,8.01,5405,22.27,35.43,21666
7.03E+18,1636800931,1636818967,2482.6,289587.35,116647,3619,8535,15.38,14443,162,18.86,10463,33.93,126,37871,47055,388,86329.2,3969.24,2.37,204769.24,6072,10.94,55488,2.5,38.94,7520,13.55,1.56,8.73,4843,17.83,33.72,18402
7.03E+18,1636887271,1636903231,2303.93,279012.27,121103,3676,8791,14.8,13104,92,18.04,10721,31.74,119,37927,46709,359,88102.4,3679.88,2.31,203085.37,6431,10.82,59417,2.31,34.25,7884,13.27,1.48,8.46,5028,17.52,31.58,18948
7.03E+18,1637060100,1637074778,2471.73,374689.36,151590,5041,12099,14.47,16148,155,17.77,14859,30.97,143,47116,59094,427,123852.93,3745.41,2.3,285149.06,9486,11.35,83612,2.6,38.54,11698,13.99,1.48,9.14,7640,16.21,30.06,25585
7.03E+18,1637146495,1637160045,2590.39,317515.02,122574,3948,10028,14.68,12616,155,17.58,12011,31.66,140,39331,48422,341,79544.38,4073.54,2.85,226460.22,7388,12.25,60319,2.66,35.05,8926,14.8,1.32,9.6,5792,13.73,30.65,20694
7.03E+18,1637232899,1637250426,2559.01,411557.81,160827,5905,12524,13.59,19704,173,16.39,15098,32.86,192,49924,61720,420,124404.52,3822.16,2.54,316222.62,9798,10.86,90239,2.7,37.23,11826,13.11,1.38,8.61,7771,16.01,32.27,29890
7.03E+18,1637405396,1637421023,2406.42,333337.45,138520,3998,10414,14.31,13553,163,17.54,12764,32.01,134,43277,51972,0,95028.73,3592.75,2.45,233076.04,7540,10.64,70841,2.51,33.7,9305,13.14,1.34,8.4,5948,15.98,30.91,22211
7.03E+18,1637491784,1637506420,2422.7,348585.8,143883,4153,11001,15.06,12849,165,18.41,13446,31.69,92,47963,55480,378,96457.33,3831.34,2.61,251695.86,8176,11.19,73051,2.56,33.78,10000,13.69,1.32,8.88,6484,14.88,30.78,22217
7.03E+18,1637578202,1637592285,0,0,126414,3592,0,0,10945,133,0,0,0,109,41443,48837,334,87052.73,3695.83,2.6,226543.37,7649,11.24,68065,2.65,33.9,9435,13.86,1.28,8.39,5709,15.25,29.62,20597
7.03E+18,1637664606,1637680820,0,0,119417,3483,0,0,11450,124,0,0,0,64,40566,48515,284,85120.11,3996.08,2.62,222865.29,6941,11.35,61150,2.69,37.39,8512,13.92,1.39,8.43,5157,16.51,32.11,18698
7.03E+18,1637751379,1637766550,0,0,63593,1134,0,0,5527,86,0,0,0,42,23076,25645,166,18833.4,3830.51,2.56,48252.88,1741,12.84,13564,2.39,33.21,2096,15.45,1.39,9.37,1271,14.82,27.72,4393
7.03E+18,1637751003,1637751278,0,0,1661,3,0,0,24,1,0,0,0,0,194,231,5,422.83,601.79,0.08,33.7,2,2.99,67,2.29,144.26,2,2.99,6.31,4.48,3,140.94,16.85,5
7.03E+18,1637923814,1637940599,0,0,111435,3153,0,0,10872,138,0,0,0,82,38042,45594,243,86874.2,4379.34,2.72,236221.51,6804,11.68,58258,2.38,35.54,8359,14.35,1.49,8.4,4896,17.74,34.72,18514
7.04E+18,1638269407,1638277384,3406.83,190605.41,55948,1577,5568,20.99,6915,80,25.2,6686,34.23,36,23564,28167,166,33955.79,4809.28,3.47,117995.66,3669,13.83,26531,2.67,34.21,4439,16.73,1.28,10.09,2678,12.68,32.16,9126
7.04E+18,1638355796,1638375695,0,0,151771,5337,0,0,15572,170,0,0,0,111,57394,67439,399,124747.63,4578.37,2.81,350913.74,10315,12.41,83144,2.54,38.14,12595,15.15,1.5,8.77,7293,17.11,34.02,27279
7.04E+18,1638442503,1638457044,3038.62,301893.11,99352,2789,8402,16.36,9003,99,20.01,10275,35.93,70,36071,42745,255,78242.31,4648.59,2.79,218539.48,6208,12.09,51353,2.61,39.74,7620,14.84,1.52,8.78,4511,17.34,35.2,16609
7.04E+18,1638528602,1638544167,2910.57,304311.63,104554,3206,8582,15.31,9133,126,18.76,10512,35.46,71,36469,43397,248,86027.84,4226.54,2.55,219137.77,6329,11.29,56046,2.33,35.78,7745,13.82,1.53,8.25,4626,18.6,34.62,16885
7.04E+18,1638615004,1638634379,2929.66,300182.04,102463,2726,8088,15.29,10246,83,18.63,9855,37.11,77,36432,42537,298,82191.71,4342.49,2.58,211939.38,5817,11,52901,2.53,39.35,7073,13.37,1.55,9.32,4930,16.67,36.43,15919
7.04E+18,1638701404,1638719166,2864.51,401609.64,140202,4526,11466,13.5,14145,317,16.51,14024,35.03,83,47528,56500,362,121803.58,3811.8,2.46,299569.6,8830,10.39,84945,2.25,32.33,10840,12.76,1.43,8.11,6893,17.67,33.93,24395
7.04E+18,1638787852,1638805949,0,0,168790,3104,0,0,10521,147,0,0,0,83,42062,48541,336,83488.47,2411.36,2.34,195154.09,5835,6.77,86175,3.65,35.32,7175,8.33,0.97,5.51,4744,17.6,33.45,22717
7.04E+18,1638960603,1638977971,1659.86,364356.89,219511,3993,11074,10.35,12885,177,12.64,13523,32.9,96,48919,55931,441,93219.88,2255.24,2.44,227593.93,7075,6.61,106994,5.39,46.92,8647,8.08,0.87,5.05,5400,17.26,32.17,29738
7.04E+18,1639047002,1639063594,0,0,187942,3327,0,0,10195,128,0,0,0,125,38031,45485,391,85076,2043.43,2.48,211087.88,6164,5.88,104751,4.6,37.36,7613,7.27,0.81,4.84,5073,16.77,34.25,28566
7.04E+18,1639133410,1639150936,0,0,93235,2165,0,0,8356,80,0,0,0,283,30871,35452,395,59828.23,3008.39,2.1,125907.1,3992,8.92,44762,2.29,30.59,5515,12.32,1.34,8.05,3604,16.6,31.54,14111
7.04E+18,1639219810,1639234589,0,0,70602,1527,0,0,8095,79,0,0,0,102,27612,30754,279,44984.24,4309.04,2.63,118524.41,3323,11.2,29666,2.84,43.13,4668,15.74,1.52,9.8,2907,15.47,35.67,10571
7.04E+18,1639305212,1639323034,3460.16,424122.13,122573,3610,10549,18.95,14253,128,26.11,14535,40.2,163,47895,52926,457,109677.38,5506.6,2.61,285946.51,7282,13.08,55667,2.8,55.24,10162,18.25,1.97,9.52,5297,20.71,39.27,20061
7.04E+18,1639479016,1639479944,0,0,3655,24,0,0,237,2,0,0,0,0,857,1544,12,1283.33,2822.4,1.61,2066,23,2.94,782,3.58,58.73,32,4.09,1.64,2.81,22,58.33,89.83,161
7.04E+18,1639824964,1639840897,2637.82,194402.2,73698,1026,4494,20.89,6927,81,25.37,5458,43.26,297,27166,37123,508,25421.01,4471.95,3.53,89752.02,2170,10.09,21514,3.8,44.94,2635,12.25,1.18,7.86,1691,15.03,41.36,7298
7.04E+18,1639911327,1639925752,2328.18,121293.41,52098,770,2738,16.61,5011,54,19.86,3273,44.3,156,17859,24386,366,18036.86,3990.13,3.4,61316.3,1411,8.56,16481,3.68,40.26,1693,10.27,1.09,6.86,1130,15.96,43.46,5465
7.04E+18,1640256905,1640271458,2692.11,142775.87,53035,770,3368,19.74,6860,72,23.35,3984,42.39,41,21612,27611,245,20763.76,4314.18,3.27,67883.6,1674,9.81,17062,3.44,41.82,1959,11.48,1.22,7.98,1361,15.26,40.55,6073
7.05E+18,1640688947,1640700074,3482.31,175713.69,50459,784,3779,20.31,6599,47,24.19,4501,46.5,47,20462,26107,231,21953.72,5226.8,4.1,89995.1,2014,10.82,18609,4.62,54.46,2387,12.83,1.18,8.47,1577,13.92,44.68,6453
7.05E+18,1640948145,1640959025,2567.43,82997.4,32327,316,1649,18.67,4027,25,23.25,2054,50.33,25,11124,16320,196,8453.75,4533.69,4.36,36854.4,754,8.54,8834,4.8,45.93,945,10.7,0.96,7.04,622,13.59,48.88,3043
7.05E+18,1641034500,1641052657,3238.19,824794.03,254708,6941,15677,9.99,20304,228,13.76,21589,52.61,279,70143,80182,795,175166.33,3137.74,2.74,479205.08,9438,6.02,156863,3.99,44.55,13390,8.54,1.12,5.31,8327,21.04,50.77,43020
7.05E+18,1641117534,1641133839,2049.06,304848.92,148775,3027,6378,7.82,10151,173,11.84,9659,47.8,127,34274,41981,450,68866.39,2244.37,2.58,177843.99,3836,4.7,81602,3.86,32.54,5999,7.35,0.84,4.62,3766,18.29,46.36,22553
7.05E+18,1641207305,1641225263,0,0,119072,2538,0,0,8520,92,0,0,0,115,29930,35300,312,77598.88,2818.81,2.63,204329.79,4380,5.83,75119,3.97,41.04,6187,8.24,1.03,5.06,3798,20.43,46.65,18666
7.05E+18,1641293705,1641309925,2096.06,221123.6,105495,1651,4683,9.73,6503,94,13.03,6272,47.22,43,23970,30120,246,50128.35,2492.33,2.32,116058.07,2534,5.26,48133,4.79,49.88,3525,7.32,1.04,4.65,2237,22.41,45.8,15441
7.05E+18,1641380117,1641396581,1954.14,268407.49,137353,2784,8565,9.53,9307,122,11.75,10561,31.34,61,31986,40114,280,103871.96,2228.66,1.87,194575.78,6421,7.14,89884,3.97,45.91,7993,8.89,1.16,5.88,5283,19.66,30.3,21218
7.05E+18,1641362155,1641378391,0,0,27775,317,0,0,1223,14,0,0,0,5,6660,8366,39,13247.65,2082.66,1.92,25485.54,605,4.88,12385,3.78,40.47,770,6.22,1.07,4.34,537,24.67,42.12,2974
7.05E+18,1641466497,1641482994,0,0,88289,1407,0,0,6167,80,0,0,0,43,23667,27737,220,53494.54,2476.32,2.19,117164.38,3020,6.18,48832,4.79,52.46,3839,7.86,1.1,5.33,2604,20.54,38.8,11700
7.05E+18,1641448515,1641464442,0,0,26914,347,0,0,1378,21,0,0,0,11,6439,8118,37,11747.96,2617.78,2.63,30936.97,578,4.7,12305,3.47,33.09,720,5.85,0.95,4.27,526,22.33,53.52,3099
7.05E+18,1641552904,1641569138,1973.4,290807.73,147364,4096,9526,10.43,18476,162,12.89,11766,30.53,90,37775,45451,376,108964.3,2331.71,1.9,206661.91,7199,7.88,91300,4.11,49.01,8913,9.76,1.19,6.67,6094,17.88,28.71,24067
7.05E+18,1641534930,1641549363,0,0,21421,190,0,0,876,9,0,0,0,9,4592,5229,32,7825.1,1878.54,2.26,17686.5,346,3.68,9404,4.22,35.08,416,4.42,0.83,3.54,333,23.5,51.12,2304
7.05E+18,1641639309,1641656010,1591.66,154263.75,96920,1407,4478,9.17,9200,80,11.37,5555,34.45,54,21467,26228,225,42242.26,1492.8,1.69,71306.78,2225,4.55,48852,5.54,47.87,2869,5.87,0.86,3.97,1937,21.81,32.05,12755
7.05E+18,1641624610,1641637835,0,0,33764,509,0,0,2331,20,0,0,0,18,7158,9159,65,13009.88,1332.57,1.58,20528.27,603,3.87,15581,4.07,33.96,721,4.63,0.83,3.51,547,23.78,34.04,4239
7.05E+18,1641725764,1641742017,0,0,104893,1610,0,0,11114,97,0,0,0,56,22337,26807,258,49665.62,2034.02,2.42,119996.73,2250,3.74,60175,5.64,46.51,3023,5.02,0.83,3.66,2201,22.57,53.33,14782
7.05E+18,1641707764,1641724003,0,0,57048,765,0,0,2896,28,0,0,0,26,10086,12038,112,23109.27,1033.08,1.57,36280.81,1136,3.25,35001,4.82,31.8,1466,4.19,0.66,3.13,1096,21.09,31.94,7512
7.05E+18,1641812602,1641829044,0,0,59670,812,0,0,6502,47,0,0,0,47,14232,18001,174,30647.01,2070.94,2.01,61714.04,1526,4.94,30902,4.84,48.04,2081,6.73,0.99,4.74,1464,20.93,40.44,7991
7.05E+18,1641794115,1641810382,0,0,41604,614,0,0,2206,19,0,0,0,13,7201,9243,62,18996.87,1428.21,1.76,33418.69,831,3.55,23419,3.61,29.31,1086,4.64,0.81,3.49,817,23.25,40.22,5838
7.05E+18,1641898511,1641914729,1583.42,85134.01,53766,548,1946,7.38,4369,53,10.07,2653,43.75,35,13824,16352,155,21246.5,1707.33,2.06,43728.23,1069,4.06,26356,5.78,46.6,1498,5.68,0.81,3.81,1004,21.16,40.91,6544
7.05E+18,1641880508,1641896736,0,0,32908,388,0,0,2227,29,0,0,0,9,6451,8023,55,13002.53,1246.37,1.63,21241.9,661,3.88,17035,4.57,34.91,872,5.12,0.76,3.57,608,21.39,32.14,4045
7.05E+18,1641984907,1642001129,0,0,52795,692,0,0,5069,64,0,0,0,34,14718,17773,141,30053.87,2864.07,2.52,75600.05,1631,5.98,27292,5.05,55.61,2304,8.44,1.1,5.18,1415,21.24,46.35,7276
7.05E+18,1641966893,1641983111,0,0,27902,302,0,0,1703,19,0,0,0,11,5294,6741,48,11123.93,1278.23,1.72,19132.48,579,3.89,14888,3.71,27.68,726,4.88,0.75,3.4,506,21.98,33.04,3611
7.05E+18,1642071301,1642087528,1869.07,119381.37,63872,856,2405,6.29,4981,48,8.71,3331,49.64,41,13078,16479,153,36951.71,2168.49,2.19,80782.93,1668,4.36,38251,4.33,41.87,2378,6.22,0.97,4.15,1588,23.27,48.43,9319
7.05E+18,1642056307,1642069516,0,0,18109,202,0,0,1172,12,0,0,0,6,4587,5662,39,7176.3,1807.14,1.97,14106.53,428,5.39,7938,3.62,32.77,547,6.89,0.9,5.28,419,17.13,32.96,1998
7.05E+18,1642157708,1642173926,0,0,49661,504,0,0,3790,52,0,0,0,27,11535,14213,89,22954.49,2155.47,2.38,54531.31,1131,4.38,25851,4.66,41.4,1603,6.2,0.89,4.29,1110,20.68,48.22,6500
7.05E+18,1642139708,1642155932,0,0,15691,204,0,0,1149,12,0,0,0,7,4770,5304,18,5875.15,2163.19,2.09,12284.74,317,5.1,6216,3.77,35.6,414,6.66,0.95,4.91,305,19.26,38.75,1578
7.05E+18,1642244108,1642260324,2766.35,166681.11,60253,856,3451,10.17,6069,42,13.5,4580,48.3,36,16890,20329,151,39776.27,3504.76,2.89,114885.93,2429,7.16,33938,4.3,50.38,3285,9.68,1.17,6.15,2088,19.05,47.3,9058
7.05E+18,1642226132,1642242343,0,0,26569,230,0,0,1122,15,0,0,0,7,5071,5783,39,9013.88,1215.5,1.59,14288.19,440,3.75,11747,4.32,33.14,594,5.06,0.77,3.89,457,19.72,32.47,2861
7.05E+18,1642330510,1642346738,0,0,55079,668,0,0,4736,41,0,0,0,42,15547,18092,145,27425.28,3040.49,3.04,83467.57,1682,5.99,28099,4.22,41.2,2216,7.89,0.98,5.18,1455,18.85,49.62,7359
7.05E+18,1642312517,1642328725,0,0,34910,296,0,0,1522,19,0,0,0,9,6436,7424,32,12708.9,1108.43,1.6,20331.95,583,3.21,18186,3.64,25.45,698,3.84,0.7,2.98,542,23.45,34.87,4107
7.05E+18,1642503325,1642519548,0,0,49752,504,0,0,4995,45,0,0,0,27,16107,18543,118,28006.02,3291.63,2.61,73215.67,1672,7.18,23281,4.02,48.31,2029,8.72,1.2,5.7,1328,21.09,43.79,6163
7.05E+18,1642589703,1642605941,0,0,43979,538,0,0,4737,44,0,0,0,31,14229,16345,125,20346.87,3060.59,2.98,60639.38,1291,6.25,20657,4.54,44.73,1623,7.86,0.98,5.19,1073,18.96,46.97,6222
7.06E+18,1642676105,1642692389,1609.68,61766.8,38372,398,1464,7.71,2861,40,9.47,1800,42.19,17,10709,13381,91,18544.03,2014.17,1.98,36794.9,899,4.73,18998,3.89,37.95,1111,5.85,0.98,4.43,842,22.02,40.93,4712
7.06E+18,1642762251,1642778463,1921.16,77007.96,40084,412,1693,9.13,3821,27,11.22,2081,45.49,30,11497,13662,148,19158.68,2576.92,2.42,46343.32,1043,5.62,18553,4.16,42.94,1291,6.96,1.03,4.82,894,21.43,44.43,4896
7.06E+18,1642848917,1642865259,0,0,37710,405,0,0,2982,38,0,0,0,14,11655,13838,132,20267.22,3151.53,2.46,49929.7,1261,7.63,16518,3.62,44.43,1540,9.32,1.23,6.45,1066,19.01,39.6,4617
7.06E+18,1642935302,1642951549,0,0,34957,316,0,0,2529,33,0,0,0,20,10820,12557,103,15768.52,2267.36,2.13,33584.17,852,5.5,15485,4.05,41.2,1055,6.81,1.02,4.69,727,21.69,39.42,3948
7.06E+18,1643021704,1643038010,0,0,29318,220,0,0,1620,24,0,0,0,25,7731,9336,147,11472.64,2266.68,2.09,23990.5,540,4.92,10984,3.62,37.79,650,5.92,1.04,4.43,487,23.56,44.43,2762
7.06E+18,1643194519,1643210794,0,0,20523,99,0,0,1257,14,0,0,0,12,5361,6859,83,5606.69,1519.38,1.81,10151.01,245,3.55,6897,3.46,28.1,291,4.22,0.81,3.51,242,23.17,41.43,1753
7.06E+18,1643280896,1643297170,0,0,30496,255,0,0,2125,19,0,0,0,15,7480,9300,106,11132.15,1717.61,2.1,23345.76,599,4.27,14028,3.45,27.36,723,5.15,0.79,3.93,551,20.2,38.97,3700
7.06E+18,1643367331,1643383617,0,0,25411,232,0,0,1388,7,0,0,0,11,6004,7316,107,8708.3,1416.34,1.83,15925.31,395,3.38,11676,3.42,25.5,527,4.51,0.75,3.43,401,21.72,40.32,2839
7.06E+18,1643453714,1643469951,0,0,32982,241,0,0,1595,40,0,0,0,12,6674,8541,106,9728.85,1023.45,1.75,17032.2,497,2.86,17393,3.1,17.36,643,3.7,0.56,2.79,485,20.06,34.27,3867
7.06E+18,1643972562,1643988730,0,0,53960,710,0,0,2255,55,0,0,0,25,15098,16219,156,18646.24,1142.76,1.83,34196,883,2.88,30642,3.51,21.36,1194,3.9,0.61,2.85,873,21.36,38.73,6916
7.06E+18,1644058506,1644074818,1389.91,53874.38,38761,604,1275,6.01,2161,47,7.25,1538,42.25,10,10611,13621,140,15032.54,1720.14,2.32,34807.12,863,4.07,21224,3.06,21.67,1036,4.88,0.71,3.64,772,19.47,40.33,4899
7.06E+18,1644407708,1644417906,442.92,82470.07,186197,4103,1873,10.63,46908,133,12.99,2290,44.03,1346,35689,132332,2070,15287.19,2078.02,2.33,35563.3,826,4.69,17626,3.83,33.23,990,5.62,0.87,4.25,749,20.41,43.05,4238
7.06E+18,1644404099,1644405358,2513.75,7274.79,2894,31,114,12.54,327,3,16.28,148,63.81,10,1210,1734,24,928.57,2727.17,2.54,2359,39,4.29,909,3.76,38.46,56,6.16,1.02,4.73,43,21.59,60.49,234
7.06E+18,1644490444,1644506742,715.28,77053.89,107725,1468,1669,14.25,13094,110,16.99,1990,46.17,391,23266,69572,733,10294.41,3162.66,3.41,35083.4,757,6.46,11714,3.31,29.13,898,7.67,0.88,5.31,622,16.55,46.35,3037
7.06E+18,1644576911,1644593230,1977.53,170992.92,86468,1406,3680,7.38,6460,46,9.6,4785,46.47,34,20837,30420,231,47785.95,2539.98,2.6,124243.21,2780,5.58,49845,3.19,30.63,3644,7.31,0.96,4.97,2479,19.28,44.69,11704
7.06E+18,1644663301,1644679516,1786.13,135867.51,76068,1131,2951,6.92,4591,58,8.97,3823,46.04,26,16346,23343,173,37946.74,2332.46,2.56,97070,2193,5.14,42633,3.23,28.72,2878,6.75,0.89,4.57,1947,19.49,44.26,9473
7.06E+18,1644749706,1644765938,2075.63,172714.92,83211,1457,3520,6.56,5312,78,8.43,4524,49.07,43,20449,23814,195,50857.43,2442.78,2.51,127625.42,2653,4.94,53696,3.04,28.83,3437,6.4,0.95,4.35,2338,21.75,48.11,11704
7.06E+18,1644922529,1644938759,1904.33,115061.44,60421,797,2447,7.06,3725,47,9.16,3173,47.02,23,15035,16704,148,30761.08,2102.89,2.3,70737.1,1593,4.6,34642,3.04,27.03,2114,6.1,0.89,4.11,1423,21.62,44.41,7171
7.06E+18,1644904501,1644920722,1314.58,24332.81,18510,197,532,7.28,662,7,9.32,681,45.74,3,4448,5124,36,7522.02,1993.15,1.89,14245.01,327,4.48,7306,1.98,20.35,424,5.8,1.03,3.97,290,25.94,43.56,1394
7.07E+18,1645008902,1645025173,2202.65,106606.23,48399,532,2076,9.15,3216,38,11.71,2659,51.35,17,13155,14980,130,25891.13,3028.72,2.57,66468.33,1336,5.89,22700,3.12,35.57,1708,7.52,1.14,5.29,1201,21.56,49.75,5336
7.07E+18,1645095301,1645111535,2026.16,97855.41,48296,545,1881,7.36,2972,139,9.01,2303,52.02,14,11741,13789,117,24424.55,2504.46,2.6,63470.45,1232,4.82,25549,3.64,34.75,1536,6.01,0.96,4.17,1065,22.93,51.52,5347
7.07E+18,1645181712,1645197927,2373.78,126653.19,53355,785,2512,8.51,4300,64,10.57,3119,50.42,25,14262,17059,133,32407.87,2919.84,2.62,84821.29,1731,5.87,29501,3.28,36.05,2175,7.37,1.1,5.08,1498,21.63,49,6817
7.07E+18,1645161003,1645168221,979.53,9505.4,9704,88,223,6.75,357,5,8.63,285,42.63,3,2090,2361,19,3785.14,1262.31,1.14,4320.9,104,3.15,3304,2.46,28.19,138,4.18,1.15,3.27,108,35.05,41.55,657
7.07E+18,1645268110,1645284328,2107.01,107390.16,50968,729,2133,8.31,4081,45,10.19,2614,50.35,25,13288,15816,112,26716.26,2717.5,2.6,69391.26,1391,5.42,25660,3.13,32.59,1710,6.66,1.04,4.64,1190,22.45,49.89,5847
7.07E+18,1645354503,1645370723,1882.09,150972.08,80215,1257,3216,6.61,5516,92,8.14,3958,46.94,44,18383,20619,152,38885.42,1984.44,2.4,93449.37,2029,4.29,47248,3.69,30.38,2561,5.42,0.82,3.75,1771,21.96,46.06,10320
7.07E+18,1645527305,1645543516,2118.5,157514.58,74352,1191,3177,6.63,4499,69,8.08,3875,49.58,39,17534,21390,180,46197,2393.17,2.43,112031.62,2320,4.84,47950,3.58,34.46,2870,5.99,0.96,4.19,2008,23.01,48.29,10043
7.07E+18,1645613702,1645629950,2059.23,113066.34,54907,826,2486,7.93,3448,62,9.65,3028,45.48,17,14005,16320,139,32167.59,2502.63,2.41,77481.3,1753,5.59,31368,3.52,36.13,2118,6.75,1.03,4.72,1481,21.72,44.2,6932
7.07E+18,1645570518,1645578183,879.51,11175.9,12707,133,232,3.35,409,1,4.25,295,48.17,5,2044,2603,41,5071.66,743.96,1.09,5503.8,125,1.8,6934,2.32,16.99,166,2.39,0.73,1.82,126,40.25,44.03,1580
7.07E+18,1645700104,1645716334,1822.11,76554.21,42014,591,1645,6.38,2622,38,7.98,2057,46.54,17,10590,12770,107,24254.98,2060.99,2.11,51213.51,1171,4.54,25787,3.51,33.04,1462,5.67,0.94,4.09,1054,23.01,43.73,5233
7.07E+18,1645786504,1645802722,1913.78,68869.22,35986,368,1320,7.73,2217,39,9.55,1631,52.17,30,9065,10646,116,16119.65,2403.22,2.49,40068.9,802,4.7,17081,3.74,35.29,1003,5.87,0.94,4.24,725,22.23,49.96,3733
7.07E+18,1645872905,1645889119,1888.42,56611.19,29978,368,947,6.14,2481,37,7.56,1166,59.78,8,8543,10661,94,15968.44,2445.15,2.29,36638.09,630,4.08,15426,3.2,33.13,787,5.1,1.04,4.07,628,25.43,58.16,3591
7.07E+18,1645959303,1645975532,2418.79,73228.99,30275,365,1083,6.94,1862,30,8.87,1383,67.62,11,9153,11365,86,16042.56,3065.6,2.85,45760.2,684,4.39,15594,3.25,33.49,877,5.62,1.03,4.48,699,22.95,66.9,3915
7.07E+18,1646132102,1646148335,2505.97,132458.01,52857,958,2071,6.83,4370,45,8.61,2609,63.96,30,15788,18462,192,29703.06,2935.72,2.86,85083.01,1347,4.44,30313,3.5,34.27,1722,5.68,0.98,4.21,1276,23.28,63.16,7474
7.07E+18,1646110828,1646121870,1625.52,19473.71,11980,139,338,5.84,517,11,7.43,430,57.61,3,3340,3957,20,5906.68,2179.07,2.05,12130.9,217,3.75,5784,3.9,39.86,284,4.91,1.02,3.63,210,28.13,55.9,1336
7.07E+18,1646218555,1646234764,2408.59,87005.5,36123,427,1368,7.72,2843,42,9.89,1751,63.6,19,10845,13088,132,19010.85,3075.22,2.75,52278.8,841,4.75,17709,4.02,43.18,1116,6.3,1.07,4.78,846,22.47,62.16,4648
7.07E+18,1646196905,1646214916,1471.11,28360,19278,210,478,4.98,698,21,6.48,622,59.33,5,4903,5560,44,7790.36,1628.79,1.96,15302.5,275,2.87,9598,2.46,20.01,370,3.85,0.81,2.84,273,28.54,55.65,2025
7.07E+18,1646304933,1646321150,2418.81,85570.1,35377,375,1385,8.84,2567,34,11.02,1726,61.78,29,9879,11827,121,16067.12,3021.62,2.87,46088.8,782,4.99,15669,3.88,39.8,991,6.32,1.03,4.79,751,21.39,58.94,4326
7.07E+18,1646283421,1646290665,1231.95,7618.4,6184,50,127,5.35,192,3,7.12,169,59.99,1,1487,1656,17,2329.94,1469.03,1.47,3424.3,63,2.65,2373,3.16,31.07,88,3.71,0.98,2.74,65,35.85,54.35,563
7.07E+18,1646391305,1646407525,2016.58,72935.8,36168,407,1279,6.23,2507,55,8.01,1643,57.03,31,9092,10913,87,20014.57,2459.36,2.41,48156.8,854,4.16,20515,3.7,36.08,1125,5.48,0.98,3.9,800,25.02,56.39,4401
7.07E+18,1646370022,1646387930,1303.23,18068,13864,134,312,5.89,492,8,7.36,390,57.91,5,3561,3908,21,4718.73,1430.77,1.63,7681.8,140,2.64,5298,3.26,29.07,180,3.4,0.89,2.68,142,33.23,54.87,1124
7.07E+18,1646478070,1646492506,2150.53,47077.3,21891,129,1508,280.82,2711,19,319.55,1716,31.22,10,10469,11177,81,464.73,5951.48,6.04,2809.1,89,16.57,537,3.08,26.63,114,21.23,0.87,13.04,70,6.64,31.56,205
7.07E+18,1646456106,1646470718,1289.2,13942.7,10815,76,242,6.71,351,9,8.13,293,57.61,5,2563,2790,19,3704.95,1703.29,1.8,6682,111,3.08,3606,2.93,30.08,130,3.61,1.03,2.77,100,37.05,60.2,819
7.07E+18,1646564103,1646578558,2153.14,54414.21,25272,179,1543,0,2191,24,0,1782,35.27,19,11652,11724,71,0,0,0,0,0,0,0,0,0,0,0,0,0,0,0,0,0
7.07E+18,1646650502,1646665038,2273.01,60905.37,26795,192,1766,95.05,2224,30,112.86,2097,34.49,17,11590,11501,96,1510.76,6690.17,7.45,11252.87,336,18.08,1858,5.14,41.78,394,21.21,0.81,12.27,228,6.63,33.49,634
7.07E+18,1646736907,1646751330,2397.19,65992.16,27529,194,1724,137.37,2072,30,164.94,2070,38.28,10,11502,11685,89,972.61,4061.87,5.08,4943.3,165,13.15,1255,5.07,39.27,203,16.18,0.77,11.08,139,7,29.96,986
7.07E+18,1646909702,1646924185,2065.85,39356.42,19051,119,976,45.5,1315,10,52.59,1128,40.32,8,6130,7100,39,1332.96,3904.85,5.84,7782.36,211,9.84,2145,5.76,35.79,242,11.28,0.62,8.02,172,7.75,36.88,620
7.07E+18,1647003302,1647012324,1936.43,36823.15,19016,135,659,7.84,1214,10,9.48,797,55.88,8,4147,5660,66,8089.42,2445.44,2.51,20289.85,365,4.34,8407,3.74,35.97,444,5.28,0.96,4.04,340,23.79,55.59,1759
7.07E+18,1646996103,1646999911,1703.79,9888.8,5804,35,170,8.74,242,4,10.69,208,58.17,0,1174,1623,12,1377.44,2180.83,3.04,4187.2,73,3.75,1946,4.83,34.18,88,4.52,0.71,3.13,61,22.58,57.36,396
7.07E+18,1647082504,1647098722,1667.12,52475.8,31477,235,970,7.88,1585,24,9.68,1191,54.1,21,6717,8763,100,10431.75,2028.07,2.47,25801.1,508,4.13,12302,3.78,32.08,604,4.91,0.85,3.67,451,23.13,50.79,2537
7.07E+18,1647168902,1647185115,1486.82,45973.89,30921,234,820,7.43,1318,34,9.21,1016,56.07,11,5631,7405,86,9229.97,1772.21,2.54,23467.6,434,3.93,11036,2.89,24.2,544,4.93,0.84,3.62,399,23.13,54.07,2419
7.07E+18,1647255302,1647271519,1671.62,57931.8,34656,270,1061,7.83,1609,30,9.39,1272,54.6,18,6141,8362,83,9295.87,1682.28,2.66,24722.8,460,3.39,13553,3.52,24.18,576,4.25,0.69,3.06,415,22.4,53.75,3415
7.08E+18,1647320104,1647336358,1221.43,19109.35,15645,125,346,5.11,561,31,6.14,416,55.23,5,2708,3630,42,4562.73,1156.25,1.91,8729.7,157,2.32,6777,2.72,18.33,201,2.97,0.67,2.1,142,32.13,55.6,1398
7.08E+18,1647423659,1647445408,1353.84,34112.7,25197,223,583,7.52,1039,28,9.09,705,58.51,6,5113,6869,46,5908.84,1555.46,1.87,11036,195,2.52,7753,2.7,20.57,251,3.24,0.76,2.5,194,30.46,56.59,1943
7.08E+18,1647514505,1647531334,1702.3,40346.31,23701,296,720,6.28,1365,9,7.59,870,56.04,11,5207,6819,71,15173.45,2242.15,1.71,25932.7,466,4.06,11469,2.01,26.65,568,4.95,1.32,3.32,381,39.83,55.65,2223
7.08E+18,1647492903,1647510970,1410.53,19870.2,14087,131,359,7.33,621,10,9,441,55.35,9,3072,4183,38,3829.84,1708.23,2.21,8448.9,164,3.35,4901,2.4,18.79,202,4.12,0.78,3.12,153,25.03,51.52,1041
7.08E+18,1647600974,1647618985,1884.24,235575.6,125024,2846,4038,4.07,6815,163,5.22,5184,58.34,139,21183,29779,394,101768.96,2046.33,1.96,199716,3435,3.46,99251,2.82,28.96,4449,4.48,1.03,3.05,3025,33.64,58.14,18878
7.08E+18,1647579306,1647597325,1679.38,38567,22965,282,698,5.08,1031,13,6.2,852,55.25,12,4310,5961,61,11200.15,1923.32,2.36,26387.9,491,3.57,13735,2.32,18.92,620,4.51,0.82,2.93,403,27.79,53.74,2535
7.08E+18,1647687350,1647705364,1929.63,273358.96,141664,4026,5262,4.66,8303,255,5.84,6599,51.95,133,25949,36648,412,123327.58,2133.73,1.91,234963.9,4584,4.06,112912,2.43,26.59,5780,5.12,1.09,3.36,3793,32.51,51.26,21580
7.08E+18,1647665738,1647683747,1542.71,66938.25,43390,982,1046,3.48,2209,28,4.74,1423,63.99,20,7551,10966,114,19438.11,1685.02,2.63,51059.6,823,2.74,30044,1.98,12.8,1142,3.8,0.65,2.56,769,25.28,62.04,5971
7.08E+18,1647773707,1647791751,1897.86,256866.5,135345,3401,4784,4.65,7327,101,5.85,6024,53.69,105,24917,34268,372,106244.02,2054.64,1.96,208341,3912,3.8,102947,2.91,30.02,4963,4.82,1.03,3.22,3317,32.03,53.26,20231
7.08E+18,1647752104,1647770251,1472.55,78279.32,53159,1119,1234,3.43,2756,33,4.48,1612,63.44,27,8968,12792,128,24553.15,1652.58,2.5,61340.5,977,2.71,35988,2.32,15.83,1279,3.55,0.68,2.59,933,26.32,62.78,7334
7.08E+18,1647860114,1647878141,1179.76,54274.66,46005,654,1086,3.59,2192,29,4.34,1312,49.98,16,8388,11877,101,19536.88,1446.25,2.11,41222.5,850,2.81,30210,2.84,18.37,1033,3.42,0.65,2.42,732,26.69,48.5,5300
7.08E+18,1647946509,1647964532,1936.08,297224.73,153519,3694,5363,4.52,9865,202,5.67,6725,55.42,100,26167,35386,442,100272.22,2215.19,2.54,254233.3,4618,3.89,118686,2.98,25.16,5803,4.89,0.84,3.31,3927,25.53,55.05,23202
7.08E+18,1647924905,1647942938,1579.37,57569.5,36451,601,989,4.23,1976,21,5.29,1237,58.21,18,6721,9036,95,16764.53,1795.64,2.37,39757.2,696,2.98,23387,2.28,16.32,872,3.73,0.72,2.61,611,27.44,57.12,4609
7.08E+18,1648032904,1648050918,1776.55,171342.44,96447,1783,3189,4.35,6598,81,5.4,3957,53.73,46,16154,22268,296,71010.54,2001.63,1.97,140230.5,2622,3.58,73238,2.93,28.4,3261,4.45,0.97,2.91,2134,33.28,53.48,13606
7.08E+18,1648011633,1648029591,1111.58,53225.85,47883,813,993,2.97,1963,44,3.78,1263,53.6,21,6641,9730,103,22030.19,1227.59,1.86,40991.75,769,2.3,33401,2.06,13.61,1009,3.02,0.66,2.15,718,30.68,53.31,6472
7.08E+18,1648119305,1648137322,1591.4,27006.07,16970,76,493,0,1178,12,0,600,54.78,4,4964,5942,43,0,0,0,0,0,0,0,0,0,0,0,0,0,0,0,0,0
7.08E+18,1648097723,1648115736,1031.58,21820,21152,237,446,4.1,966,24,5.16,561,48.92,3,3660,5078,42,6136.46,1307.95,2.14,13116.1,288,2.65,10880,1.95,10.99,376,3.46,0.56,2.52,274,22.4,45.54,2103
7.08E+18,1648205706,1648223838,1950.44,27797.63,14252,112,519,0,1143,8,0,622,53.56,12,4919,5392,55,0,0,0,0,0,0,0,0,0,0,0,0,0,0,0,0,0
7.08E+18,1648167305,1648203323,1518.38,22847.01,15047,140,404,0,935,21,0,484,56.55,9,4176,4721,27,0,0,0,0,0,0,0,0,0,0,0,0,0,0,0,0,0
7.08E+18,1648292104,1648310118,1779.47,29008.9,16302,125,535,0,1291,7,0,636,54.22,13,5387,5938,53,0,0,0,0,0,0,0,0,0,0,0,0,0,0,0,0,0
7.08E+18,1648252504,1648288523,1475.37,20541.62,13923,146,364,0,698,11,0,432,56.43,8,3640,4287,28,0,0,0,0,0,0,0,0,0,0,0,0,0,0,0,0,0
7.08E+18,1648378504,1648396534,2137.9,36799.67,17213,147,699,0,1383,11,0,808,52.65,5,6428,6958,56,0,0,0,0,0,0,0,0,0,0,0,0,0,0,0,0,0
7.08E+18,1648338903,1648374966,1728.07,23558.8,13633,198,405,0,793,10,0,509,58.17,6,4336,5000,25,0,0,0,0,0,0,0,0,0,0,0,0,0,0,0,0,0
7.08E+18,1648464903,1648482943,1878.36,35157.32,18717,130,679,0,1323,17,0,792,51.78,9,6006,6445,46,0,0,0,0,0,0,0,0,0,0,0,0,0,0,0,0,0
7.08E+18,1648425307,1648461391,1500.7,21547.08,14358,112,387,0,731,14,0,445,55.68,3,3628,4196,29,0,0,0,0,0,0,0,0,0,0,0,0,0,0,0,0,0
7.08E+18,1648551305,1648569333,1811.79,88366.2,48773,1020,1726,5.17,3523,37,6.36,2122,51.2,20,12867,17109,140,27083.48,2157.01,2.5,67695.6,1330,3.98,33376,3.18,25.79,1644,4.93,0.81,3.53,1178,22.99,50.9,7905
7.08E+18,1648511723,1648547799,1722.78,19706.9,11439,111,356,0,736,8,0,426,55.36,4,3406,3788,29,0,0,0,0,0,0,0,0,0,0,0,0,0,0,0,0,0
7.08E+18,1648684516,1648720697,1532.17,19119.95,12479,85,316,0,654,10,0,377,60.51,6,3350,4012,23,0,0,0,0,0,0,0,0,0,0,0,0,0,0,0,0,0
7.08E+18,1648810503,1648828531,2160.76,137370.33,63575,1122,2496,5.61,4441,58,6.94,3087,55.04,45,14623,20074,178,36981.08,2371.5,2.8,103639.29,1916,4.31,44501,3.35,27.87,2363,5.31,0.83,3.57,1590,23.26,54.09,9552
7.08E+18,1648857306,1648893357,1395.38,29856.85,21397,210,464,4.79,975,49,5.76,558,64.35,10,4451,5355,45,5087.37,1094.91,2.12,10803.5,165,1.7,9695,2.36,12.41,197,2.03,0.52,1.58,153,33.25,65.48,1936
7.08E+18,1648943700,1648961727,1349.56,20314.9,15053,196,359,4.07,649,7,5.25,463,56.59,6,3482,4004,34,6767.33,1332.96,1.69,11420.8,211,2.39,8821,2.48,19.03,277,3.14,0.77,2.15,190,35.62,54.13,1806
7.08E+18,1649070483,1649088137,1798.8,79035.74,43938,565,1275,4.29,2753,38,5.29,1573,61.99,42,10617,12971,121,23177.63,1798.16,2.28,52738.1,882,2.97,29724,3.21,25.02,1099,3.7,0.78,2.46,732,31.66,59.79,5789
7.08E+18,1649069707,1649070335,577.19,660.3,1144,5,32,4.23,49,2,4.63,35,20.63,0,230,357,2,669.43,717.72,0.73,490.2,24,3.17,756,2.08,18.38,26,3.44,0.89,3.17,24,27.89,20.43,90
7.08E+18,1649030156,1649041041,1336.5,4554.8,3408,26,68,0,176,2,0,86,66.98,1,1135,1065,4,0,0,0,0,0,0,0,0,0,0,0,0,0,0,0,0,0
7.08E+18,1649156104,1649174125,1927.75,71446.2,37062,534,1245,5.39,2505,49,6.62,1529,57.39,27,10449,12369,133,17368,2123.02,2.75,47717,861,3.73,23082,3.29,24.77,1071,4.64,0.75,3.1,716,24.26,55.42,5010
7.08E+18,1649134519,1649152543,1119.01,9348.17,8354,53,160,11.75,320,7,14.24,194,58.43,3,2379,2435,17,557.52,302.95,0.68,379.6,8,0.59,1362,1.95,7.97,8,0.59,0.41,0.37,5,111.5,47.45,185
7.08E+18,1649242511,1649260524,2029.66,60349.87,29734,375,1017,5.95,1997,18,7.39,1264,59.34,22,8692,10201,85,15833.65,2419.75,2.56,40460.71,692,4.05,17097,3.69,34.2,864,5.05,0.93,3.52,601,26.35,58.47,3999
7.08E+18,1649202909,1649238953,1587.77,30124.71,18973,167,470,6.55,1024,8,7.83,562,64.1,4,4728,5214,39,4160.46,1293.67,2.2,9163.1,163,2.27,7179,2.33,13.51,206,2.87,0.58,2.09,150,27.74,56.22,1511
7.08E+18,1649328904,1649346923,1746.63,66473.19,38058,471,1433,5.81,2516,24,7.15,1765,46.39,14,9285,11148,99,17474.6,1812.45,2.56,44774.8,1005,4.07,24680,3.39,23.98,1270,5.15,0.71,3.52,869,20.11,44.55,5181
7.08E+18,1649289307,1649325316,1384.98,21023.94,15180,123,399,8.78,828,6,10.29,468,52.69,8,4063,4625,32,2525.4,1187.57,2.1,5313.2,81,1.78,4546,2.11,11.73,103,2.27,0.56,1.67,76,33.23,65.6,930
7.08E+18,1649415304,1649433324,1259.59,41784.45,33173,328,794,4.9,1600,22,6.12,990,52.63,20,6689,8683,98,13540.42,1348.74,1.99,26997.8,506,3.13,16189,3.19,26.64,649,4.01,0.84,2.74,443,30.57,53.36,3434
7.08E+18,1649375703,1649411738,1177,22538.39,19149,204,512,6.45,1004,12,8.1,643,44.02,8,4962,5204,69,3950.57,837.75,1.66,6575.5,162,2.04,7941,2.09,10.39,217,2.73,0.5,1.84,146,27.06,40.59,1657
7.08E+18,1649501704,1649519720,1815.52,66878.21,36837,591,1280,5.5,2185,38,6.75,1571,52.25,18,9479,11730,104,18880.56,2030.93,2.45,46260.44,917,3.94,23270,2.87,23.26,1158,4.98,0.81,3.47,808,23.37,50.45,4946
7.08E+18,1649462131,1649498150,1441.16,16959.62,11768,105,364,0,658,6,0,438,46.59,4,4127,3727,29,0,0,0,0,0,0,0,0,0,0,0,0,0,0,0,0,0
7.08E+18,1649588284,1649606377,1813.84,61028.38,33646,514,1115,5.49,1834,28,6.75,1370,54.73,17,8756,10383,84,17000,1917.2,2.27,38575.9,723,3.56,20297,3.19,26.76,917,4.52,0.84,3.15,639,26.6,53.36,4300
7.08E+18,1649548521,1649584563,1203.12,16641.52,13832,109,356,0,683,6,0,445,46.75,5,4331,4350,49,0,0,0,0,0,0,0,0,0,0,0,0,0,0,0,0,0
7.09E+18,1649634914,1649670945,1177.27,12639.2,10736,72,273,0,557,3,0,335,46.3,3,3370,3259,36,0,0,0,0,0,0,0,0,0,0,0,0,0,0,0,0,0
7.09E+18,1649760905,1649778937,2163.45,92463.69,42739,630,1609,5.92,2977,35,7.54,2050,57.47,23,11721,13736,122,24623.96,2415.88,2.62,64564.49,1156,4.25,27199,3.52,31.91,1460,5.37,0.91,3.58,973,25.31,55.85,6034
7.09E+18,1649847305,1649865317,2064.77,72681.9,35201,576,1310,6.08,2356,36,7.65,1648,55.48,21,9979,11745,111,20706.32,2437.87,2.41,49978.7,899,4.17,21538,3.08,29.58,1156,5.37,0.96,3.51,757,27.35,55.59,4647
7.09E+18,1649807768,1649825850,2103.55,13464.8,6401,57,274,0,525,7,0,325,49.14,2,2683,2548,17,0,0,0,0,0,0,0,0,0,0,0,0,0,0,0,0,0
7.09E+18,1649933704,1649951717,1583.81,63130.75,39860,647,1150,4.41,2222,33,5.53,1442,54.9,14,9427,11346,97,19996.59,1785.44,2.34,46774.99,859,3.3,26062,3.03,23.23,1097,4.21,0.77,2.88,750,26.66,54.45,5668
7.09E+18,1649894139,1649930167,1410.78,27418.47,19435,236,527,7.14,991,13,9,665,52.03,14,5230,5211,58,3296.66,1060.35,2.26,7434.1,161,2.18,7385,2.86,12.76,214,2.9,0.45,2.26,167,19.74,46.17,1721
7.09E+18,1650020104,1650038130,1978.88,73818.24,37303,672,1323,5.38,2119,53,6.8,1672,55.8,22,9854,11323,118,20945.02,2256.18,2.56,53577.4,954,3.88,24583,2.94,25.02,1206,4.91,0.85,3.32,816,25.67,56.16,5365
7.09E+18,1649980513,1650016584,1528.41,15620.4,10220,81,313,0,634,9,0,390,49.91,2,3693,3389,31,0,0,0,0,0,0,0,0,0,0,0,0,0,0,0,0,0
7.09E+18,1650106505,1650124546,1680.39,63555.7,37822,551,1147,4.8,2013,21,6.02,1439,55.41,28,8752,10117,145,18025.64,1857.54,2.45,44105.49,788,3.3,23907,3.24,24.46,1002,4.19,0.75,2.79,667,27.02,55.97,5084
7.09E+18,1650066896,1650102944,1665.85,18987.4,11398,100,358,0,651,4,0,438,53.04,8,4119,3655,29,0,0,0,0,0,0,0,0,0,0,0,0,0,0,0,0,0
7.09E+18,1650192904,1650210929,1935.84,87734.4,45321,770,1589,5.26,2565,56,6.61,1997,55.21,39,11552,13427,134,22877.39,2216.8,2.73,62553.8,1143,3.78,30215,2.96,22.44,1469,4.86,0.76,3.28,990,23.11,54.73,6478
7.09E+18,1650153305,1650189331,1568.67,19926.79,12703,127,400,0,622,6,0,474,49.82,7,4855,4261,28,0,0,0,0,0,0,0,0,0,0,0,0,0,0,0,0,0
7.09E+18,1650257714,1650275771,1667.18,11016.71,6608,44,240,0,432,5,0,272,45.9,9,2411,2137,18,0,0,0,0,0,0,0,0,0,0,0,0,0,0,0,0,0
7.09E+18,1650365705,1650383751,2406.88,77244.05,32093,559,1438,7.4,2233,32,9.13,1774,53.72,28,10082,11407,178,19413.36,2780.39,2.76,53530.92,1031,5.3,19441,3.78,37.79,1289,6.63,1,4.27,831,23.36,51.92,4704
7.09E+18,1650326114,1650362230,1575.41,17142,10881,104,354,92.91,604,3,112.34,428,48.42,4,3948,3609,23,475.66,1821.36,1.58,750.4,22,5.77,381,2.22,27.76,25,6.56,1.25,4.99,19,25.03,34.11,94
7.09E+18,1650452107,1650470140,2069.63,77240.7,37321,619,1415,6.52,2229,37,8.11,1759,54.59,13,9339,10893,142,18103.07,2330.77,2.99,54176.5,1027,4.73,21693,2.95,24.63,1291,5.95,0.83,3.71,804,22.52,52.75,5067
7.09E+18,1650412577,1650430611,2090.34,11317.12,5414,67,208,0,404,4,0,246,54.41,4,2385,2049,21,0,0,0,0,0,0,0,0,0,0,0,0,0,0,0,0,0
7.09E+18,1650538507,1650556540,1639.4,68166.4,41580,695,1232,4.56,1860,53,5.86,1585,55.33,15,8951,10340,148,20308.53,1819.46,2.47,50173.3,922,3.41,27029,2.63,19.77,1189,4.4,0.75,2.93,792,25.64,54.42,5580
7.09E+18,1650498913,1650534934,1526.66,16339.84,10703,73,313,0,609,7,0,381,52.2,4,3738,3504,40,0,0,0,0,0,0,0,0,0,0,0,0,0,0,0,0,0
7.09E+18,1650624933,1650642952,1607.4,38329.98,23846,289,700,5.81,1257,27,7.29,879,54.76,7,6077,6658,102,7963.64,1789.09,2.74,21803.6,395,3.28,12054,2.55,16.83,513,4.26,0.66,2.82,340,23.42,55.2,2471
7.09E+18,1650585349,1650621359,1639.19,16162.39,9860,121,292,0,630,7,0,365,55.35,4,3778,3459,29,0,0,0,0,0,0,0,0,0,0,0,0,0,0,0,0,0
7.09E+18,1650711306,1650729338,2308.38,44893.35,19448,197,807,10.36,1110,21,12.86,1002,55.63,13,5596,6186,79,7117.55,3122.23,3.52,25037.2,460,5.91,7789,3.85,35.17,592,7.6,0.91,4.62,360,19.77,54.43,1887
7.09E+18,1650671806,1650707829,1559.37,16395.18,10514,105,290,0,576,10,0,366,56.54,1,3705,3301,35,0,0,0,0,0,0,0,0,0,0,0,0,0,0,0,0,0
7.09E+18,1650797702,1650815727,2191.66,47289.42,21577,267,838,9.96,1287,25,12.2,1026,56.43,12,6454,6971,94,7004.8,2696.04,3.27,22878.6,427,5.08,8410,3.34,27.82,535,6.36,0.83,4.26,358,19.57,53.58,2019
7.09E+18,1650776106,1650794190,1657.55,10542.02,6360,62,183,0,410,2,0,228,57.61,1,2294,2113,23,0,0,0,0,0,0,0,0,0,0,0,0,0,0,0,0,0
7.09E+18,1650844661,1650880694,1836.03,21468.74,11693,107,402,0,669,5,0,492,53.4,6,4500,4012,37,0,0,0,0,0,0,0,0,0,0,0,0,0,0,0,0,0
7.09E+18,1650970506,1650988552,2275.44,49165.37,21607,750,862,10.71,1830,30,12.99,1046,57.04,7,7381,7709,92,5999.93,2487.67,3.4,20428.73,382,4.75,8050,2.8,20.84,474,5.89,0.75,9.64,776,7.73,53.48,2077
7.09E+18,1650930915,1650949008,2880.75,17200.97,5971,82,287,0,507,4,0,333,59.93,3,3171,2585,31,0,0,0,0,0,0,0,0,0,0,0,0,0,0,0,0,0
7.09E+18,1651056927,1651074983,2442.93,37149.69,15207,206,697,21.11,1077,9,25.2,832,53.3,4,5983,5967,70,2928.29,3781.17,4.43,12969.4,238,7.21,3301,2.67,23.67,289,8.75,0.89,6,198,14.79,54.49,1001
7.09E+18,1651017377,1651053408,1654.91,29844.61,18034,1739,578,10.38,1823,48,12.42,692,51.63,3,6004,5732,59,4029.85,1838.67,2.72,10969.5,213,3.82,5571,3.72,26.89,258,4.63,0.72,29.96,1669,2.41,51.5,1592
7.09E+18,1651143305,1651161323,2605.35,59944,23008,304,1063,14.87,1608,18,18.29,1308,56.39,7,9312,9328,98,5869.62,3842.98,4.64,27219.8,493,6.89,7151,3.37,27.63,616,8.61,0.82,5.23,374,15.69,55.21,2014
7.09E+18,1651229703,1651247732,2184.78,44949.63,20574,288,796,9.62,1263,29,11.65,964,56.47,4,6711,7285,96,6960.13,2828.41,3.35,23306.06,436,5.27,8273,3.06,25.73,529,6.39,0.84,4.45,368,18.91,53.45,2337
7.09E+18,1651208106,1651226125,1378.72,10185.99,7388,911,178,16.56,733,20,20,215,57.22,5,2198,2122,26,267.71,0,0,0,0,0,1075,37.34,92.99,0,0,0.25,76.93,827,0.32,0,312
7.09E+18,1651316134,1651334154,2683.04,76571.22,28539,490,1256,10.93,1934,27,13.09,1504,60.96,23,10625,10919,130,10959.21,3321.22,3.46,37911.7,648,5.64,11494,2.57,24.55,782,6.8,0.95,4.73,544,20.15,58.51,3107
7.09E+18,1651402515,1651415380,2388.04,64056.79,26824,484,1069,7.52,1558,15,9.25,1315,59.92,21,8892,9683,142,12796.16,2894.95,3.14,40155.9,685,4.82,14210,2.46,22.15,850,5.98,0.9,4.08,580,22.06,58.62,3531
7.09E+18,1651362931,1651381033,2642.41,21115.47,7991,89,344,0,629,7,0,406,61.38,5,3904,3438,39,0,0,0,0,0,0,0,0,0,0,0,0,0,0,0,0,0
7.09E+18,1651449411,1651467524,2239.86,23941.82,10689,131,445,11.64,561,11,13.71,524,53.8,4,3762,3706,45,3106.08,2583.24,3.07,9542.5,189,4.95,3822,2.7,21.94,228,5.97,0.81,3.92,150,20.71,50.49,968
7.09E+18,1651575303,1651593323,2232.98,79096.45,35422,640,1421,7.66,2807,32,9.42,1748,55.66,105,12127,13700,266,16449.35,2726.67,2.94,48382.03,893,4.81,18554,2.85,25.27,1099,5.92,0.89,3.86,717,22.94,54.18,4843
7.09E+18,1651535750,1651553894,2236.93,12685.64,5671,56,236,0,368,1,0,270,53.75,0,2478,2082,12,0,0,0,0,0,0,0,0,0,0,0,0,0,0,0,0,0
7.09E+18,1651661704,1651679734,2274.13,65338.05,28731,506,1125,7.47,2004,29,9.04,1361,58.08,73,9935,10944,148,13060.72,2724.48,2.97,38747.62,668,4.44,15054,2.34,20.3,808,5.37,0.87,3.75,564,23.16,58.01,3826
7.09E+18,1651622510,1651640589,2242.1,20237.21,9026,135,334,11.33,473,2,13.2,389,60.59,9,3303,3169,39,2730.55,2319.21,2.56,6992.41,127,4.31,2947,1.69,15.65,149,5.06,0.93,3.63,107,25.52,55.06,704
7.09E+18,1651748115,1651766150,2059.11,55793.76,27096,399,924,7.1,1940,23,8.75,1140,60.38,47,8097,8994,156,10791.24,2657.9,3.03,32655,556,4.27,13022,3.05,25.27,696,5.34,0.83,3.67,478,22.58,58.73,3288
7.09E+18,1651708507,1651726564,1929.07,16381.63,8492,135,325,10.09,425,8,12.01,387,50.41,3,2933,2847,30,2504.67,2157.22,2.71,6778,147,4.56,3222,1.64,12.74,179,5.56,0.78,3.57,115,21.78,46.11,787
7.09E+18,1651834504,1651852535,1957.18,59543.3,30423,540,1009,5.91,1497,38,7.2,1229,59.01,40,8978,9949,123,13739.18,2251.95,2.78,38217.9,688,4.03,17080,2.42,19.45,845,4.95,0.8,3.49,596,23.05,55.55,4086
7.09E+18,1651920903,1651938950,1898.4,50459.47,26580,342,807,5.99,1574,23,7.54,1016,62.53,46,7207,8339,101,9774.87,2042.62,2.81,27463.07,441,3.27,13477,3.82,27.73,547,4.06,0.73,2.81,379,25.79,62.27,3076
7.09E+18,1651881326,1651899358,1996.02,23696.72,11872,241,446,7.76,616,15,9.36,538,53.13,6,4038,4223,62,4423.13,2184.82,2.79,12339.88,240,4.18,5747,1.42,10.91,290,5.05,0.77,3.64,209,21.16,51.42,1381
7.10E+18,1652007309,1652025343,2136.67,59480.72,27838,355,959,7.39,1712,26,9.43,1224,62.02,34,9608,10319,130,10904.89,2557.14,2.95,32222.5,503,3.88,12979,3.34,28.1,664,5.12,0.84,3.22,418,26.09,64.06,3203
7.10E+18,1651967848,1651985920,1726.85,22925.67,13276,213,387,6.44,550,6,7.94,477,59.24,13,3690,4014,79,4058.05,1652.42,2.66,10810.1,191,3.18,6010,1.81,12.25,244,4.06,0.68,2.65,159,25.52,56.6,1311
7.10E+18,1652054722,1652072743,1262.64,14308.25,11332,122,236,6.54,569,5,8.15,294,60.63,7,3014,3037,36,2558.03,1791.32,2.61,6663.7,104,2.88,3607,1.99,14.12,124,3.44,0.71,2.38,86,29.74,64.07,828
7.10E+18,1652180105,1652198119,2096.28,93039.05,44383,597,1656,6.95,3128,51,8.52,2030,56.18,31,23888,20025,199,15179.87,2253.1,3.8,57627.5,1017,4.27,23837,3.78,24.07,1246,5.23,0.64,3.28,782,19.41,56.66,6081
7.10E+18,1652140535,1652158587,2297.79,25126.32,10935,161,425,9.92,645,6,11.44,490,59.12,2,5607,4401,48,3116.18,1912.52,2.78,8673.3,166,3.87,4284,3.73,27.16,198,4.62,0.73,3.06,131,23.79,52.25,1121
7.10E+18,1652266503,1652284548,2309.58,78874.5,34151,509,1421,7.97,2594,71,9.95,1773,55.51,41,19575,17503,191,17647.83,2565,2.96,52297.8,949,5.32,17824,2.33,23.1,1181,6.63,0.99,4.33,772,22.86,55.11,4651
7.10E+18,1652226928,1652244987,1404.98,29800.94,21211,229,578,5.01,812,24,6.02,694,51.56,6,8047,6232,85,5672.89,1237.58,2.75,15605.9,298,2.59,11526,2.56,12.62,365,3.17,0.49,2.13,246,23.06,52.37,2460
7.10E+18,1652352921,1652370959,2252.57,71492,31738,489,1257,8.32,2161,46,10.06,1519,56.88,25,17093,15078,154,14908.55,2800.47,3.14,46776.2,817,5.41,15103,2.59,25.61,991,6.56,0.99,4.32,653,22.83,57.25,4130
7.10E+18,1652439304,1652457337,2399.45,65826.43,27434,372,1160,9.61,1890,45,11.69,1411,56.75,26,15274,12830,145,13092.64,3164.06,3.02,39557.12,710,5.88,12067,2.69,29.23,861,7.14,1.08,4.72,570,22.97,55.71,3214
7.10E+18,1652399791,1652417857,2002.31,27373.54,13671,242,477,7.82,839,11,9.62,587,57.39,3,7873,6201,59,5363.55,2063.18,2.51,13480.8,257,4.21,6102,2.01,17.66,320,5.24,0.88,3.46,211,25.42,52.45,1565
7.10E+18,1652525703,1652543760,2406.22,70297.58,29215,483,1208,9.23,1987,31,11.47,1501,58.19,36,16580,14832,141,12624.32,2990.76,3.2,40438.1,709,5.42,13090,2.48,23.94,894,6.83,0.96,4.35,569,22.19,57.04,3381
7.10E+18,1652486326,1652504391,2074.62,23872.67,11507,202,403,7.31,588,9,8.58,473,59.24,3,5760,4641,56,4115.58,1943.6,2.63,10827.8,190,3.45,5511,1.68,12.58,216,3.92,0.75,2.94,162,25.4,56.99,1278
7.10E+18,1652612107,1652630118,2235.61,61096.88,27329,490,1081,8.31,1915,69,10.15,1321,56.52,24,14716,12989,115,12257.05,2555.19,2.77,33950.82,632,4.86,13014,2.18,20.51,788,6.06,0.94,4.08,531,23.08,53.72,3228
7.10E+18,1652572903,1652591029,2139.95,27894.2,13035,259,467,7.53,668,10,9.24,573,59.73,5,6781,5617,49,4719.18,2400.32,3.2,15112.4,257,4.14,6203,1.43,10.88,318,5.13,0.76,3.42,212,22.26,58.8,1425
7.10E+18,1652658908,1652694975,2079.16,43221.6,20788,367,787,7.72,1223,16,9.26,944,54.92,16,10210,8578,70,7815.19,2130.08,2.75,21520.2,413,4.05,10197,1.56,11.94,507,4.97,0.77,3.39,346,22.59,52.11,2253
7.10E+18,1652745320,1652773166,2210.44,45890.95,20761,330,804,7.38,1026,24,8.87,966,57.08,6,10955,8617,81,12309.64,2352.4,2.34,28755.78,520,4.77,10896,1.9,21.49,632,5.8,1.13,3.98,434,28.36,55.3,2534
7.10E+18,1652871321,1652889369,2301.41,56085.42,24370,350,1007,8.61,1846,42,10.72,1255,55.7,19,15580,13846,115,13317.74,2299.06,2.29,30545.28,604,5.16,11702,2.55,29.07,761,6.5,1.14,4.08,477,27.92,50.57,3173
7.10E+18,1652831897,1652867928,2128.26,38774.68,18219,287,653,8.6,926,11,10.48,796,59.38,7,9704,7858,48,8814.67,2114.88,2.02,17834.82,320,4.21,7593,2.04,23.71,398,5.24,1.16,3.53,268,32.89,55.73,1818
7.10E+18,1652957705,1652975730,2152.74,80088.48,37203,814,1528,7.43,2192,48,9.3,1913,52.41,15,23027,19081,181,19299.33,2139.79,2.59,49983.34,1007,4.9,20568,2.13,19.96,1258,6.12,0.94,3.99,821,23.51,49.64,5294
7.10E+18,1652936145,1652954261,2101.64,29324.21,13953,242,548,10.01,865,10,11.89,651,53.51,8,8108,7133,54,4726.77,1867.23,2.33,11001.7,217,3.96,5475,2.02,17.41,264,4.82,0.86,3.49,191,24.75,50.7,1305
7.10E+18,1653044115,1653062135,2169.64,46076.54,21237,264,890,11.87,1088,17,14.56,1091,51.77,9,10744,9750,104,7949.9,2677.5,2.69,21414.62,403,5.38,7495,2.32,24.65,494,6.59,1.06,4.44,333,23.87,53.14,1984
7.10E+18,1653004616,1653040636,2187.75,56524.96,25837,494,988,8.57,1230,20,10.37,1196,57.21,9,13317,11075,93,9974.85,2319.76,2.89,28823.05,543,4.71,11535,1.66,14.39,668,5.79,0.86,3.97,458,21.78,53.08,2770
7.10E+18,1653090907,1653126963,1970.21,36423.32,18487,276,639,9.25,1060,30,11.22,775,57,11,8182,7208,85,6962.5,2538.33,2.56,17849.56,335,4.85,6909,1.93,19.48,422,6.11,1.01,4.13,285,24.43,53.28,1677
7.10E+18,1653216925,1653234941,2460.92,92717.75,37676,810,1828,8.38,2410,36,10.15,2214,50.72,25,24407,19755,172,22362.13,2718.98,2.83,63330.57,1323,6.06,21819,2.36,24.17,1589,7.28,1.02,4.92,1073,20.84,47.87,5719
7.10E+18,1653303310,1653321320,1991.9,58079.73,29158,464,1103,6.64,1758,30,7.99,1327,52.66,20,16027,13902,151,17910.65,2102.05,2.2,39447.1,781,4.7,16616,2.43,26.22,938,5.65,1.08,3.85,639,28.03,50.51,4169
7.10E+18,1653263778,1653299797,1720.69,35626.88,20705,394,644,7.18,1038,19,8.68,779,55.32,7,9119,8270,81,7746.51,1848.68,2.27,17568.04,361,4.02,8973,1.68,14.49,440,4.9,0.86,3.48,312,24.83,48.66,2072
7.10E+18,1653389724,1653407731,2337.92,40848.22,17472,371,728,9.22,1295,30,11.15,880,56.11,14,10024,9062,75,7844.79,2668.45,2.71,21270.22,407,5.16,7892,2.26,22.47,491,6.22,0.99,4.36,344,22.8,52.26,2046
7.10E+18,1653350172,1653386186,1975.62,39789.02,20140,425,706,7.57,1379,22,9.23,861,56.36,20,9940,8621,116,6880.14,2091.36,2.83,19451.7,362,3.88,9326,1.52,11.21,454,4.87,0.74,3.26,304,22.63,53.73,2174
7.10E+18,1653476122,1653494132,2025.51,34982.6,17271,210,611,7.49,1747,33,9.51,776,57.25,15,9328,8362,69,8198.55,2158.98,2.24,18385.9,340,4.17,8157,2.47,24.79,433,5.31,1.01,3.82,312,26.28,54.08,2007
7.10E+18,1653436555,1653472578,1772.27,31349.64,17689,271,553,5.77,964,24,7.02,672,56.69,9,8621,7620,78,7571.16,1529.55,1.97,14900.92,287,3,9577,1.75,13.87,345,3.6,0.79,2.93,281,26.94,51.92,2094
7.10E+18,1653562511,1653580529,1980.07,40383.61,20395,273,637,6.34,1396,27,8.02,806,63.4,17,9570,8562,59,9962.92,2062.82,2.33,23179.9,388,3.86,10049,2.38,23.64,500,4.98,0.99,3.07,309,32.24,59.74,2302
7.10E+18,1653540904,1653558929,1607.98,15375.53,9562,127,286,6.19,483,16,7.9,365,53.76,1,4816,4262,22,3379.51,1642.43,2.24,7579.8,145,3.14,4623,2.21,16.18,186,4.02,0.73,2.64,122,27.7,52.27,1000
7.10E+18,1653735306,1653753326,2054.24,36957.89,17991,243,628,7.22,1194,16,9.02,785,58.85,4,9388,8797,55,8791.73,2437.08,2.47,21699.75,385,4.43,8699,2.69,27.19,491,5.64,1.01,3.81,331,26.56,56.36,2256
7.10E+18,1653695795,1653731830,1941.28,37668.62,19404,329,659,6.74,951,18,8.06,788,57.16,5,9311,8427,79,7608.75,2075.68,2.64,20053.1,367,3.75,9778,1.68,13.09,439,4.49,0.78,3.39,331,22.99,54.64,2082
7.10E+18,1653821704,1653839713,2531.3,48013.69,18968,277,831,8.68,1078,24,10.5,1005,57.78,6,10397,9579,89,9653.08,2806.66,2.85,27502.49,486,5.08,9575,2.71,27.35,602,6.29,1.01,4.28,410,23.54,56.59,2449
7.10E+18,1653782113,1653818127,1753.12,36680.54,20923,404,643,6.75,1098,24,8.37,797,57.05,6,9015,8591,56,6763.99,1881.52,2.63,17780.4,337,3.54,9525,1.64,11.61,422,4.43,0.71,3.02,288,23.49,52.76,2063
7.10E+18,1653868528,1653904595,1856.51,16045.78,8643,87,231,0,451,7,0,284,69.46,2,2760,3067,15,0,0,0,0,0,0,0,0,0,0,0,0,0,0,0,0,0
7.10E+18,1653954972,1653988175,1871.47,31468.76,16815,267,513,6.27,895,18,7.88,645,61.34,7,7686,7262,28,5614.18,1847.01,2.73,15298.8,261,3.19,8182,1.51,10.35,330,4.03,0.69,2.84,232,24.2,58.62,1725
7.10E+18,1654080903,1654098935,2272.2,59454.47,26166,356,983,6.94,1342,18,8.8,1247,60.48,15,13166,11671,107,16040.72,2551.26,2.55,40873.76,691,4.88,14173,2.28,25.85,877,6.19,1.13,4.09,580,27.66,59.15,3499
7.10E+18,1654167308,1654185324,1730.19,46638.97,26956,267,750,5.03,1213,25,6.24,931,62.19,11,9722,8826,72,16682.59,1791.54,1.98,33062.8,542,3.63,14913,1.97,22,673,4.51,1.12,3.15,470,35.49,61,3302
7.10E+18,1654147082,1654165091,1600.99,12705.46,7936,79,222,7.23,439,7,9.02,277,57.23,2,3138,3346,16,2984.6,2030.17,2.14,6395.03,121,3.94,3072,1.99,19.29,154,5.01,0.97,3.42,105,28.42,52.85,679
7.10E+18,1654127793,1654143216,1750.01,10946.3,6255,64,175,5.84,302,6,7.21,216,62.55,6,2460,2245,19,2471.63,1456.59,1.73,4276.54,84,2.8,2995,1.61,13.32,101,3.37,0.83,2.54,76,32.52,50.91,664
7.10E+18,1654253740,1654271757,1980.69,53611.44,27067,382,790,4.99,1389,24,6.27,993,67.86,13,10626,9833,102,16032.86,2139.75,2.29,36668.9,548,3.46,15834,2.13,21.52,686,4.33,1.01,3.01,477,33.61,66.91,3487
7.10E+18,1654234845,1654250057,1629.19,12911.37,7925,98,216,7.53,319,9,9.62,276,59.77,1,3165,3306,19,2458.14,1667.25,1.95,4786.67,96,3.34,2870,2.35,20.1,129,4.49,0.86,3,86,28.58,49.86,623
7.10E+18,1654214136,1654231123,1754.63,12682.45,7228,95,191,6.11,256,6,8.25,258,66.4,1,2864,2658,20,2229.09,1557.64,2.22,4947.08,88,2.81,3128,1.55,11.07,135,4.32,0.71,2.53,79,28.22,56.22,683
7.11E+18,1654340106,1654358120,2073.25,47504.46,22913,435,845,6.94,1086,24,8.27,1007,56.22,15,11664,10189,73,10523.19,2380.33,2.79,29373.33,559,4.59,12179,2.55,22,670,5.5,0.86,3.79,462,22.78,52.55,2902
7.11E+18,1654316737,1654336577,1675.19,17137.2,10230,173,307,7.33,519,11,8.93,374,55.82,7,4908,4695,25,3295.06,1770.71,2.25,7412.18,153,3.65,4188,2.25,17.72,194,4.63,0.79,3.37,141,23.37,48.45,946
7.11E+18,1654300602,1654312879,1953.75,12916.23,6611,90,217,6.57,272,4,8.14,269,59.52,0,2890,2620,20,2384,1880.28,2.59,6186.11,118,3.57,3303,2.09,15.06,138,4.18,0.72,3.12,103,23.15,52.42,766
7.11E+18,1654426510,1654438079,2287.11,23319.37,10196,182,435,9.37,728,13,11.39,529,53.61,8,5287,4891,37,4830.91,2982.28,2.81,13593.22,271,5.84,4643,2.28,23.77,327,7.04,1.04,4.48,208,23.23,50.16,1213
7.11E+18,1654386933,1654405040,1884.55,21574.37,11448,186,378,5.73,563,7,6.82,450,57.08,2,5404,4679,34,5437.55,2065.89,2.56,13893.11,259,3.93,6596,2.23,18.39,310,4.7,0.82,3.35,221,24.6,53.64,1554
7.11E+18,1654481235,1654509391,2057.38,24894.33,12100,145,416,9.23,685,10,11.32,510,59.84,1,5403,5001,39,4142.74,2157.72,2.35,9716.21,190,4.22,4506,2.19,20.12,229,5.08,0.92,3.64,164,25.26,51.14,1074
7.11E+18,1654474222,1654477412,1382.01,2273.4,1645,20,46,5.16,69,1,6.62,59,49.42,0,727,701,2,921.77,1691.04,1.56,1434,29,3.25,891,1.94,20.07,37,4.15,1.03,3.03,27,34.14,49.45,210
7.11E+18,1654599309,1654617324,2429.2,63730.08,26235,689,1218,7.5,2212,29,9.31,1512,52.32,24,16648,14635,111,18180.78,2697.3,2.55,46363.92,940,5.79,16246,2.54,28.45,1162,7.15,1.12,4.72,766,23.73,49.32,4385
7.11E+18,1654685721,1654703731,2231.46,76023.78,34069,992,1343,5.66,2125,41,6.94,1645,56.61,23,19076,16250,150,22606.07,2373.04,2.56,57859.5,1062,4.48,23718,2.44,23.29,1317,5.55,0.95,3.76,892,25.34,54.48,6023
7.11E+18,1654657736,1654682111,1980.99,30556.71,15425,361,580,6.73,886,12,8.44,727,52.68,8,8712,7815,49,8421.86,2161.67,2.25,18968.68,387,4.49,8615,2.19,21.4,486,5.64,0.98,3.87,333,25.29,49.01,2281
7.11E+18,1654646481,1654653795,2466.74,12358.37,5010,158,224,6.73,299,11,8.15,271,55.17,3,2865,2387,15,3395.15,2665.42,2.54,8625.31,161,4.84,3326,1.8,18.42,191,5.74,1.02,4.24,141,24.08,53.57,833
7.11E+18,1654772107,1654790121,2459.81,77631.45,31560,788,1350,6.38,2178,34,7.88,1668,57.5,25,18138,15925,119,21209.82,2613.65,2.67,56687.52,1027,4.85,21167,2.48,24.89,1268,5.99,1,4,846,25.07,55.2,5438
7.11E+18,1654732592,1654768617,1627.32,42520.18,26129,436,737,4.65,1218,20,5.6,888,57.69,9,10502,9115,75,9664.7,1365.27,2.33,22550.09,446,2.81,15849,1.87,11.4,540,3.41,0.61,2.36,374,25.84,50.56,3643
7.11E+18,1654858518,1654876542,2748.36,86290.2,31397,830,1134,4.4,3407,16,5.91,1523,76.09,29,17038,15703,160,28756.99,2114.09,2.17,62401.53,827,3.21,25753,2.66,29.71,1103,4.28,1.12,3.91,1007,28.56,75.46,7012
7.11E+18,1654818904,1654854924,1839.85,40094.09,21792,429,707,4.43,1185,23,5.44,867,56.71,7,10793,9536,69,12385.05,1366.26,1.79,22148.52,424,2.66,15944,2.12,16.5,526,3.3,0.78,3.02,482,25.7,52.24,4509
7.11E+18,1654944924,1654962944,2180.79,60909.46,27930,584,826,5.1,2584,30,6.38,1034,73.74,17,11708,12531,101,17245.95,2399.99,2.67,45993.47,629,3.88,16200,2.66,28.32,792,4.89,1.06,3.39,549,31.41,73.12,4161
7.11E+18,1654920441,1654941299,1624.58,19649.28,12095,205,305,5.82,610,13,7.7,404,64.42,2,5273,5055,42,3870.12,1275.9,1.7,6577.28,123,2.35,5244,2.15,15.86,173,3.3,0.74,2.15,113,34.25,53.47,1390
7.11E+18,1654905582,1654915992,2119.86,18366.47,8664,210,305,5.35,509,10,6.85,391,60.22,0,3938,3390,29,4299.28,2187.6,2.85,12261.48,216,3.79,5705,1.92,14.45,275,4.82,0.75,3.26,186,23.11,56.77,1565
7.11E+18,1655031374,1655049383,2659.87,100160.14,37656,1065,1612,6.44,2850,36,7.71,1930,62.13,26,20781,18857,159,26364.83,2909.45,2.94,77548.45,1283,5.13,25030,2.62,27.61,1540,6.15,1.05,4.4,1101,23.95,60.44,6329
7.11E+18,1654991843,1655027861,1948.45,60055.16,30822,798,999,5.72,1762,21,7.08,1238,60.12,12,16820,14648,115,14365.71,2253.2,2.8,40293.92,719,4.11,17478,2.46,20.2,887,5.07,0.82,3.66,639,22.48,56.04,5246
7.11E+18,1655117722,1655135742,2414.72,77981.02,32294,621,1194,6.21,2296,50,7.58,1458,65.31,20,15265,13680,129,19514.97,2559.05,2.72,53064.5,831,4.32,19232,2.55,25.92,1025,5.33,1.01,3.69,710,27.49,63.86,4664
7.11E+18,1655078107,1655114127,1858.96,65390.85,35176,927,1086,4.88,2127,35,6.01,1338,60.21,16,17135,15438,136,17104.96,1937.79,2.61,44609.93,789,3.55,22247,2.19,16.85,977,4.39,0.77,3.08,685,24.97,56.54,5861
7.11E+18,1655204106,1655222144,1937.96,74010.88,38190,659,1126,5.43,2410,43,6.67,1383,65.73,24,14505,13237,150,21534.01,2072.58,2.35,50660.1,798,3.85,20739,2.56,26.54,989,4.77,1.04,3.17,658,32.73,63.48,4831
7.11E+18,1655164878,1655196373,1946.2,52786.85,27123,599,875,5.07,1457,31,6.27,1081,60.33,6,13184,11436,83,13067.24,1871.96,2.48,32384.93,570,3.3,17248,2.28,17.3,723,4.19,0.76,2.83,488,26.78,56.82,4209
7.11E+18,1655290522,1655308548,3349.05,162834.05,48621,1763,2722,8.2,4410,41,9.71,3222,59.82,36,33048,28796,195,40683.84,3846.67,3.29,134021.84,2314,6.97,33191,2.01,24.62,2725,8.21,1.23,5.94,1971,20.64,57.92,9403
7.11E+18,1655250997,1655287017,1900.09,60189.3,31677,685,1102,5.65,1617,33,6.71,1308,54.62,13,15852,13844,116,16310.68,2053.57,2.57,41845.61,821,4.21,19500,2.07,17.3,971,4.98,0.84,3.63,707,23.07,50.97,4611
7.11E+18,1655376909,1655394920,2300.57,79075.04,34372,871,1325,6.27,2282,32,7.59,1605,59.68,23,17172,15659,145,23038.67,2431.23,2.5,57525.3,1002,4.74,21133,2.61,28.43,1227,5.81,1.09,4.16,880,26.18,57.41,5088
7.11E+18,1655355648,1655373663,1896,26782.9,14126,272,478,7.01,807,14,8.31,567,56.03,4,6632,6417,51,5993.18,2034.98,2.31,13868.41,271,3.97,6820,2.3,20.24,325,4.77,0.88,3.5,239,25.08,51.17,1599
7.11E+18,1655337635,1655350494,1910.58,30126.09,15768,384,518,5.45,829,22,6.58,625,58.16,8,7048,5950,65,9326.75,2190.58,2.28,21301.21,374,3.93,9505,1.62,15.92,453,4.77,0.98,3.32,316,29.52,56.96,2285
7.11E+18,1655463317,1655481327,2240.51,67195.21,29991,533,1047,6.25,1782,21,7.44,1247,64.18,19,12403,11485,110,20942.77,2363.74,2.19,45788.05,735,4.39,16754,2.53,31.67,882,5.26,1.25,3.75,629,33.3,62.3,3974
7.11E+18,1655423766,1655459782,1827.63,63597.84,34798,764,1080,4.85,1568,38,5.93,1320,58.89,8,15234,13597,125,18129.2,1718.4,2.25,40741.59,744,3.34,22265,2.81,22.91,927,4.16,0.81,2.89,644,28.15,54.76,5117
7.11E+18,1655549737,1655567746,2769.27,112922.65,40777,956,1821,7.44,2508,33,9.19,2249,62.01,32,21820,19556,165,29161.56,2883.51,2.54,74016.92,1263,5.16,24470,2.59,30.82,1568,6.41,1.19,4.45,1090,26.75,58.6,5825
7.11E+18,1655510105,1655546114,2422.48,82863.36,34206,742,1360,6.73,1775,23,8.08,1633,60.93,13,18253,15939,143,20282.74,2532.49,2.48,50307.86,917,4.54,20211,2.54,25.48,1093,5.41,1,3.94,797,25.45,54.86,4919
7.11E+18,1655722517,1655740529,2119.51,110790.9,52272,1350,1812,4.9,4124,85,5.99,2218,61.14,43,23275,21826,260,31739.75,2154.93,2.83,89780.9,1497,4.04,37017,3.01,25.85,1834,4.95,0.86,3.22,1191,26.65,59.97,8615
7.11E+18,1655700945,1655718973,1716.87,34493.65,20091,466,646,4.49,1101,15,5.43,780,53.4,3,10063,9129,93,11142.72,1702.4,2.08,23140.7,458,3.19,14373,2.63,20.4,560,3.9,0.78,2.9,417,26.72,50.53,3024
7.11E+18,1655770144,1655788184,1423.39,25201.2,17705,360,462,3.56,960,24,4.36,566,54.55,7,6545,6108,93,8015.84,1394.56,2.23,17846.2,343,2.64,12971,3.02,18.63,428,3.3,0.62,2.3,298,26.9,52.03,3011
7.11E+18,1655895303,1655913312,1631.73,47318.4,28999,456,876,4.64,1842,48,5.84,1104,54.02,14,12496,12205,134,15339.07,1727.89,2.24,34291.8,650,3.44,18891,2.71,21.97,807,4.27,0.81,2.92,552,27.79,52.76,4335
7.11E+18,1655874199,1655891777,1115.95,12642.6,11329,174,238,3.35,414,14,4.22,300,53.12,3,3750,3912,47,4064.48,1114.92,1.85,7517.9,160,2.25,7115,2.82,16.13,200,2.81,0.57,1.91,136,29.89,46.99,1350
7.11E+18,1655855739,1655870562,1568.85,14825.6,9450,144,239,3.84,479,10,4.78,298,62.03,5,3451,3253,49,3850.61,1350.22,2.09,8063.5,151,2.42,6231,2.7,16.7,189,3.03,0.62,2.23,139,27.7,53.4,1320
7.11E+18,1655981704,1655999713,2245.85,88695.3,39493,1006,1660,6.12,2986,52,7.41,2009,53.43,28,20373,18667,184,27756.87,2596.18,2.63,72996.91,1376,5.08,27107,2.49,25.53,1652,6.09,1.02,4.12,1116,24.87,53.05,6536
7.11E+18,1655942155,1655974678,1527.41,25365.78,16607,321,462,5.1,780,17,6.2,562,54.9,5,6492,6435,62,6064.8,1512.15,2.1,12736.87,265,2.93,9059,2.17,14.52,330,3.64,0.67,2.56,232,26.14,48.06,1845
7.11E+18,1656068149,1656086159,2008.39,67013.98,33367,676,1385,6.06,2232,33,7.01,1602,48.39,23,15815,14512,148,21563.23,2250.3,2.37,51115.5,1094,4.79,22862,2.56,24.19,1280,5.6,0.94,3.81,872,24.73,46.72,5168
7.11E+18,1656154504,1656172517,1865.95,51065.53,27367,423,977,5.69,1805,17,6.61,1136,52.27,14,11706,11029,105,17279.55,2075.92,2.11,36401.33,720,4.19,17178,2.44,24.56,840,4.89,1.01,3.35,576,30,50.56,3599
7.11E+18,1656240905,1656258924,1766.72,47083.1,26650,448,950,5.63,2046,26,6.61,1115,49.56,16,11183,10436,127,13323.13,2018.36,2.48,33085,700,4.15,16869,2.76,21.79,830,4.92,0.79,3.51,592,22.51,47.26,3726
7.11E+18,1656201368,1656219396,1615.45,25262.43,15638,389,468,4.33,1020,7,4.98,538,53.98,7,6345,5815,114,7525,1812.8,2.37,17799.9,347,3.21,10797,2.86,19.91,391,3.62,0.7,2.78,300,25.08,51.3,2429
7.11E+18,1656327304,1656345322,1960.11,44278.8,22590,636,871,5.83,1441,20,7.05,1054,50.84,16,11792,10717,110,12158.71,2072.16,2.47,30075.3,641,4.29,14945,2.55,20.77,778,5.21,0.81,3.74,559,21.75,46.92,3256
7.11E+18,1656287890,1656288180,0,0,122,0,0,0,0,0,0,0,0,0,6,14,0,0,0,0,0,0,0,0,0,0,0,0,0,0,0,0,0,0
7.11E+18,1656413750,1656431759,2143.27,73265.39,34184,827,1394,5.65,2286,23,6.65,1640,52.56,27,16370,15399,145,20444.17,2269.22,2.79,56966.47,1145,4.64,24658,2.54,21.09,1336,5.42,0.83,3.75,925,22.1,49.75,5643
7.11E+18,1656392471,1656410526,1810.48,28172.9,15561,390,522,5.32,779,16,6.1,599,53.97,6,6862,6362,42,7192.13,1956.74,2.61,18757.3,370,3.77,9819,2.32,16.96,414,4.22,0.73,3.19,313,22.98,50.7,2173
7.11E+18,1656500109,1656518126,2277.17,88449.88,38842,1450,1792,6.61,2675,36,7.63,2069,49.36,26,24281,21624,176,25431.05,2531.79,2.8,71247.01,1500,5.53,27129,2.21,20.68,1722,6.35,0.94,4.55,1235,20.59,47.5,7065
7.11E+18,1656478581,1656496608,1997.01,32425.41,16237,427,646,6.27,1187,9,7.35,757,50.19,10,9365,8526,77,9006.03,2108.06,2.4,21643.43,466,4.52,10306,2.11,18.42,545,5.29,0.87,3.76,387,23.27,46.45,2474
7.11E+18,1656586504,1656604551,2195.46,69870.44,31825,1060,1485,6.81,2104,29,7.92,1727,47.05,25,17577,15770,158,21048.4,2442.15,2.66,56044.84,1226,5.62,21808,2.32,22.44,1414,6.48,0.97,4.68,1021,20.62,45.71,5373
7.11E+18,1656564924,1656582973,2538.7,49080.63,19333,931,1104,8.82,1544,28,10.57,1323,44.46,13,14457,12888,102,13993.25,2986.6,2.7,37828.29,897,7.17,12511,1.93,21.59,1077,8.61,1.12,5.59,699,20.02,42.17,3678
7.12E+18,1656672911,1656690927,1923.06,84674.2,44031,1220,1703,5.16,2846,48,5.96,1965,49.72,24,20317,19424,213,25220.47,2011.03,2.73,68871.8,1439,4.36,32982,2.57,19.68,1660,5.03,0.76,3.66,1207,20.9,47.86,7867
7.12E+18,1656651370,1656669400,2144.25,40084.7,18694,681,867,7.19,1468,10,8.6,1037,46.23,25,12001,10549,112,12154.85,2400.38,2.45,29788.7,672,5.57,12054,2.31,23.27,814,6.75,1.01,4.55,548,22.18,44.33,3287
7.12E+18,1656759312,1656777327,2525.73,74456.1,29479,650,900,4.59,1663,22,5.34,1047,82.73,14,14802,15046,156,19361.91,2909.62,2.98,57703.6,696,3.55,19601,2.28,22.55,814,4.15,0.99,3.05,597,32.43,82.91,4407
7.12E+18,1656737712,1656755786,2298.16,45625.3,19853,604,678,5.04,1544,9,6.29,846,67.29,12,11876,10882,97,12117.48,2701.4,3.08,37336.1,559,4.15,13459,2,17.97,694,5.16,0.9,3.34,449,26.99,66.79,3267
7.12E+18,1656845711,1656863729,3175.08,100564.36,31673,915,1261,5.73,2259,23,6.6,1453,79.75,23,20799,19698,185,30884.43,3619.47,2.6,80417.4,1019,4.63,22022,1.91,26.73,1169,5.31,1.4,3.94,867,35.62,78.92,5475
7.12E+18,1656924916,1656939475,2379.02,23849.64,10025,183,312,5.83,808,2,6.84,366,76.44,3,4384,4575,44,5788.02,2515.96,2.23,12919.44,186,3.48,5351,2.36,25.48,225,4.2,1.08,3.03,162,35.73,69.46,1194
7.12E+18,1656910513,1656914157,1102.58,3081.7,2795,35,53,5.2,152,5,7.56,77,58.15,1,1112,1183,10,720.82,1616.32,2.16,1554.9,23,2.26,1019,2.63,18.59,29,2.85,0.71,2.06,21,34.32,67.6,235
7.12E+18,1656979036,1656997102,1694.6,14697.3,8673,113,209,5.33,649,8,6.61,259,70.32,0,3699,4074,42,3174.57,2028.23,2.56,8133.21,119,3.04,3918,2.76,22.39,143,3.65,0.81,2.6,102,31.12,68.35,971
7.12E+18,1657104907,1657122923,3181.59,110029,34583,791,1461,6.54,2543,43,7.49,1672,75.31,30,19606,18494,233,27681.31,3710.9,3.11,86000.2,1163,5.21,22332,2.24,27.83,1323,5.92,1.24,4.42,986,28.07,73.95,5422
7.12E+18,1657191333,1657209352,3761.74,122986.25,32694,1410,1654,7.48,2406,26,8.45,1867,74.36,31,22312,20642,166,37201.63,4599.91,2.81,104537.6,1408,6.37,22098,1.71,28.84,1591,7.2,1.68,5.54,1224,30.39,74.25,6233
7.12E+18,1657151729,1657187751,4071.47,125678.2,30868,1182,1626,8.56,2977,26,9.67,1838,77.29,35,23553,21365,142,37108.05,5238.23,2.69,99966.4,1288,6.78,19005,1.43,27.91,1458,7.67,1.95,5.78,1099,33.77,77.61,5550
7.12E+18,1657277737,1657295748,3390.39,86305.77,25456,952,1190,7.12,2038,14,8.26,1381,72.53,24,17205,16161,115,20915.01,4154.15,3.34,69827.1,972,5.82,16712,1.81,22.61,1126,6.74,1.25,5.1,853,24.52,71.84,4539
7.12E+18,1657238400,1657274444,4359.3,135975.27,31192,1473,1716,8.45,2914,28,9.93,2017,79.24,33,25208,22670,198,35984.1,5547.48,3.18,114333.5,1431,7.05,20309,1.29,22.89,1678,8.26,1.77,5.98,1214,29.64,79.9,6272
7.12E+18,1657364121,1657382134,2086.58,38862.61,18625,279,524,4.78,1048,24,5.67,621,74.17,8,8218,7969,84,8419.9,2213.69,2.97,25012.5,347,3.17,10952,2.49,19.14,417,3.81,0.77,2.79,306,27.52,72.08,2335
7.12E+18,1657324919,1657353717,3280.39,67024.91,20432,621,889,7.67,1568,21,9.07,1051,75.39,13,14173,12630,98,17451.27,4528.38,3.01,52569.91,703,6.07,11589,1.51,22.75,820,7.08,1.51,5.11,592,29.48,74.78,3298
7.12E+18,1657411670,1657429713,2900.51,25904.47,8931,187,327,8.44,519,7,10.11,392,79.22,3,4683,4227,28,5790.33,4092.62,2.71,15691.1,195,5.03,3876,1.6,23.89,231,5.96,1.49,4.39,170,34.06,80.47,1000
7.12E+18,1657497369,1657515407,3034.64,23378.84,7704,117,269,8.22,523,3,9.75,319,86.91,2,4257,3640,25,3821.02,2866.33,2.44,9329.9,120,3.67,3271,2.01,23.43,146,4.46,1.17,3.21,105,36.39,77.75,824
7.12E+18,1657588562,1657624603,2207.06,49568.44,22459,339,631,4.93,1296,20,5.79,741,78.56,6,10614,9871,114,11846.63,2360.24,2.59,30737.4,408,3.19,12793,2.67,24.74,486,3.8,0.93,2.81,360,32.91,75.34,3089
7.12E+18,1657588088,1657588247,3000,96,32,0,1,12.5,6,0,12.5,1,96,0,4,7,0,3.33,0,0,0,0,0,8,2.91,12.11,0,0,0.42,0,0,0,0,0
7.12E+18,1657583713,1657584362,986.32,230.8,234,0,2,2.56,6,0,3.85,3,115.4,0,39,48,1,49.02,0,0,0,0,0,78,4.14,25.99,1,1.28,0.63,0,0,0,0,10
7.12E+18,1657670110,1657706125,2260.1,44035.71,19484,370,585,5.73,1175,22,6.96,710,75.27,17,9350,8747,99,9063.31,2198.28,2.46,22266.41,319,3.13,10205,2.89,25.7,397,3.89,0.89,2.76,282,32.14,69.8,2516
7.12E+18,1657789295,1657800081,628.99,3330.48,5295,37,47,2.18,254,10,2.65,57,70.86,0,1054,1181,15,833.67,620.39,1.65,1378.5,20,0.93,2153,4.23,16.39,24,1.11,0.39,0.84,18,46.32,68.92,410
7.12E+18,1657756923,1657789240,2074.7,32464.88,15648,195,431,5.73,823,9,6.72,506,75.32,12,6927,6600,64,6106.02,2157.3,2.71,16552.98,235,3.12,7525,3.06,24.82,282,3.75,0.81,2.68,202,30.23,70.44,1817
7.12E+18,1657882503,1657900565,1564.75,33363.6,21322,247,436,3.01,805,12,3.69,534,76.52,6,7190,7169,72,10208.21,1568.08,2.38,24281.7,326,2.25,14478,3.19,22.51,392,2.71,0.71,1.93,280,36.46,74.48,2695
7.12E+18,1657842939,1657860996,2323.45,17421.2,7498,81,189,5.36,422,8,6.24,220,92.18,1,3027,2808,29,2012.81,1725.24,3.08,6193.6,73,2.07,3525,3.5,19.99,84,2.38,0.57,1.82,64,31.45,84.84,864
7.12E+18,1657929503,1657965541,2204.67,44269.78,20080,304,540,4.95,1129,12,6.03,657,81.98,9,8523,8075,105,9887.51,2200.24,2.5,24748.3,332,3.05,10900,2.65,24.02,407,3.73,0.91,2.65,289,34.21,74.54,2591
7.12E+18,1658015781,1658051825,1792.5,35030.83,19543,252,439,4.42,919,20,5.34,531,79.8,5,7240,6845,79,7555.62,1901.76,2.61,19702.23,249,2.51,9937,3.39,25.81,300,3.02,0.76,2.18,217,34.82,79.13,2216
7.12E+18,1658102205,1658138224,2227.57,34687.7,15572,249,441,6.11,860,21,7.2,520,78.66,9,7130,6600,86,6948.91,2382.5,2.54,17630.5,227,3.14,7220,2.68,25.84,277,3.84,0.96,2.73,197,35.27,77.67,1726
7.12E+18,1658206651,1658224710,1673.87,18631.8,11131,117,246,4.37,644,12,5.2,293,75.74,9,4268,4527,40,3675.8,1633.81,2.59,9525.1,134,2.38,5633,3.54,23.09,164,2.91,0.65,2.06,116,31.69,71.08,1238
7.12E+18,1658274902,1658310934,1672.91,25349.6,15153,157,332,4.6,860,15,5.71,412,76.35,3,6020,6234,70,5285.66,1565.54,2.13,11260.9,161,2.23,7221,3.49,25.52,199,2.76,0.73,1.97,142,37.22,69.94,1517
7.12E+18,1658400941,1658418968,3229.42,90052.51,27885,620,1048,5.54,1942,24,6.54,1237,85.93,22,17216,17137,176,20987.2,3398.93,3.16,66272.41,786,4.15,18926,2.68,29.76,923,4.88,1.11,3.73,705,29.77,84.32,5000
7.12E+18,1658361313,1658379334,2691.11,19454.06,7229,79,226,6.31,475,4,7.56,271,86.08,2,3487,3050,31,2906.46,2611.34,3.22,9361.66,111,3.1,3584,2.88,23.39,140,3.91,0.81,2.71,97,29.96,84.34,956
7.12E+18,1658487314,1658505337,2990.92,57548.3,19241,349,666,5.76,1160,15,6.76,782,86.41,19,10094,10001,107,12490.06,3331.27,3.08,38512.8,470,4.06,11569,2.79,30.17,566,4.89,1.08,3.5,405,30.84,81.94,2925
7.12E+18,1658447720,1658483742,2614.5,68656.8,26260,582,832,5.02,1736,19,6.06,1004,82.52,15,13845,12927,142,19319.71,2908.35,2.54,49028.9,608,3.67,16561,2.32,27.06,727,4.39,1.17,3.25,539,35.84,80.64,4341
7.12E+18,1658573714,1658591736,2455.71,40985.73,16690,194,478,4.91,874,21,5.76,561,85.74,32,7123,7167,105,7373.27,2451.42,3.28,24166.1,298,3.06,9734,3.32,25.11,348,3.58,0.76,2.81,274,26.91,81.09,2136
7.12E+18,1658545316,1658570550,1927.74,27198.5,14109,157,329,4.38,726,7,5.22,392,82.67,2,5178,4944,39,5541.25,1886.4,2.6,14434.7,193,2.57,7509,3.59,26.47,226,3.01,0.74,2.29,172,32.22,74.79,1647
7.12E+18,1658534331,1658541239,1620.27,5818.4,3591,37,69,3.98,211,1,4.73,82,84.32,1,1388,1340,16,1363.2,1207.64,1.54,2101.3,31,1.79,1733,3.26,25.66,37,2.14,0.79,1.73,30,45.44,67.78,419
7.12E+18,1658660112,1658678121,2655.57,48076.47,18104,318,536,5.21,1097,13,5.99,616,89.69,27,8776,8619,83,10025.83,3265.35,3.46,34681.3,391,3.8,10279,2.91,28.43,450,4.38,0.98,3.25,334,30.02,88.7,2434
7.12E+18,1658620506,1658656519,2420.8,47496,19620,262,529,5.19,1319,6,6.18,630,89.78,2,7824,7597,96,8723.09,2391.91,2.81,24536.2,307,3.01,10186,2.75,23.58,360,3.53,0.86,2.63,268,32.55,79.92,2435
7.12E+18,1658706907,1658742921,2035.73,41693.8,20481,296,477,4.77,1207,12,5.88,588,87.41,8,8857,8335,91,8119.97,1979.68,2.51,20414.5,247,2.47,9992,2.61,21.24,303,3.03,0.81,2.23,223,36.41,82.65,2671
7.12E+18,1658832909,1658850935,2548.21,54455.28,21370,430,645,5.05,1201,7,5.96,762,84.43,22,11277,10465,114,12072.8,2942.2,3.16,38122.1,462,3.62,12778,2.79,26.39,540,4.23,0.94,3.13,400,30.18,82.52,3143
7.12E+18,1658795170,1658829393,2107.61,32261.2,15307,212,385,5.81,980,13,7.01,464,83.8,11,7292,6800,77,6297.15,2211.57,2.43,15286.4,197,2.97,6623,2.82,26.79,239,3.61,0.95,2.75,182,34.6,77.6,1742
7.13E+18,1658919335,1658937363,2318.49,33798.9,14578,195,423,6.12,687,8,7.25,501,79.9,12,6668,6064,69,6551.6,2935.76,3.14,20579.7,266,3.85,6913,3.05,28.87,308,4.46,0.95,3.24,224,29.25,77.37,1662
7.12E+18,1658879705,1658915726,2187.68,43591.7,19926,379,524,4.42,1154,14,5.27,625,83.19,9,8676,7816,102,12273.58,2248.56,2.17,26582.5,344,2.9,11859,3.02,31.26,417,3.52,1.03,2.51,298,41.19,77.27,2935
7.13E+18,1659005758,1659023781,2522.14,65807.7,26092,658,827,4.49,1593,23,5.29,975,79.57,22,12984,11887,92,19469.45,2834.84,2.68,52217.7,681,3.69,18438,2.84,29.94,790,4.28,1.06,3.25,599,32.5,76.68,4417
7.13E+18,1658984114,1659002129,1718.29,14084.82,8197,90,168,4.53,396,6,5.5,204,83.84,2,3031,3023,24,2790.83,1810.23,2.37,6601.9,87,2.35,3707,3.41,25.7,105,2.83,0.75,2.02,75,37.21,75.88,790
7.13E+18,1658966137,1658973423,2473.03,7987.9,3230,49,94,5.22,179,5,6.11,110,84.98,1,1575,1272,20,1898.13,2835.76,2.58,4900.2,59,3.28,1800,2.81,29.67,68,3.78,1.05,3,54,35.15,83.05,453
7.13E+18,1659092136,1659110202,2220.97,29496.66,13281,147,364,6.56,737,2,7.8,433,81.03,6,5832,5551,58,4626.19,2922.1,3.58,16580,208,3.75,5553,3.06,25.52,251,4.52,0.83,3.33,185,25.01,79.71,1216
7.13E+18,1659052758,1659088785,2192.56,50246.97,22917,489,602,4.27,1386,8,5.19,732,83.47,12,11258,10220,105,12968.14,2172.86,2.37,30680.77,380,2.69,14109,2.93,26.96,456,3.23,0.92,2.34,330,39.3,80.74,3484
7.13E+18,1659178520,1659196532,2115.35,29549.33,13969,170,370,5.45,718,8,6.58,446,79.86,12,6222,5739,48,6369.26,2493.08,2.71,17254.6,224,3.3,6783,2.8,26.27,278,4.1,0.94,2.95,200,31.85,77.03,1554
7.13E+18,1659138924,1659174945,1937.91,28020.19,14459,155,333,5.73,758,10,6.88,400,84.14,4,5638,5394,47,4348.03,1639.37,2.2,9577.2,129,2.22,5811,3.24,24.21,155,2.67,0.75,1.94,113,38.48,74.24,1318
7.13E+18,1659264906,1659282960,1936.19,34167.9,17647,206,442,4.32,860,9,5.16,528,77.3,3,7454,6926,74,8048.36,2261.03,2.92,23505.7,312,3.05,10226,3.31,26.07,380,3.72,0.79,2.68,274,29.37,75.34,2116
7.13E+18,1659225495,1659261503,1780.11,31290.7,17578,220,349,4.33,856,13,5.38,433,89.66,6,6478,6428,56,5148.07,1578.77,2.55,13102.2,154,1.91,8054,3.34,21.36,195,2.42,0.64,1.74,140,36.77,85.08,1921
7.13E+18,1659329707,1659347739,2087.82,24991.24,11970,127,325,5.26,518,7,5.99,370,76.9,2,4873,4226,44,5013.22,2213.77,2.84,14247.85,200,3.24,6180,3.28,26.58,231,3.74,0.81,2.82,174,28.81,71.24,1377
7.13E+18,1659437791,1659455801,2017.41,48956.4,24267,258,643,5.1,1124,15,6.02,758,76.14,10,9675,8992,89,11233.3,2141.7,2.68,30054.5,413,3.28,12596,3.01,26.81,496,3.94,0.89,2.91,367,30.61,72.77,2798
7.13E+18,1659524111,1659542129,2501.06,54738.1,21886,350,673,5.04,1204,12,6,802,81.33,17,10663,9968,67,15014.24,2939.26,2.69,40453.1,504,3.77,13365,2.72,30.54,599,4.48,1.12,3.15,421,35.66,80.26,3061
7.13E+18,1659502528,1659520545,2116.76,27702.1,13087,154,343,4.91,543,10,5.85,409,80.76,6,5635,5068,51,6578.05,2523.67,2.78,18299.1,228,3.26,6988,2.55,23.99,267,3.82,0.94,2.82,197,33.39,80.26,1527
7.13E+18,1659610504,1659628517,2155.13,40313.9,18706,234,517,4.95,788,8,6.14,641,77.98,15,8196,7730,90,9893.57,2262.89,2.51,24842,333,3.19,10448,2.87,27.14,416,3.98,0.95,2.93,306,32.33,74.6,2320
7.13E+18,1659588949,1659606963,2230.65,29643.1,13289,169,378,5.19,553,3,6.34,462,78.42,9,5585,4877,42,7120.85,2501.77,2.61,18603.18,243,3.33,7289,2.41,23.57,294,4.03,0.98,2.98,217,32.81,76.56,1641
7.13E+18,1659696937,1659714945,2637.26,65868.21,24976,505,833,5.04,1301,19,5.75,951,79.07,23,11971,10851,107,17008.56,2780.68,2.85,48495.14,637,3.85,16533,2.91,29.91,726,4.39,1.03,3.29,544,31.27,76.13,3802
7.13E+18,1659675396,1659693414,2378.97,29018.66,12198,175,371,5.7,500,9,6.37,415,78.22,4,5524,4690,44,7432.04,2880.94,2.54,18910.5,238,3.66,6510,2.65,30.2,261,4.01,1.14,3.16,206,36.08,79.46,1411
7.13E+18,1659783303,1659801314,2270.62,69126.72,30444,574,868,4.08,1573,20,5.16,1097,79.64,16,13819,13071,119,22569.93,2360.23,2.4,54101.17,691,3.25,21275,3.12,33.09,868,4.08,1.06,2.94,625,36.11,78.29,4834
7.13E+18,1659761728,1659779884,2242.21,34388.83,15337,330,424,4.55,667,2,5.69,530,81.11,2,7866,7058,52,9501.25,2723.9,2.72,25890.64,327,3.51,9309,2.72,27.77,413,4.44,1.02,3.13,291,32.65,79.18,2154
7.13E+18,1659869728,1659887771,2527.5,58215.85,23033,495,737,5.17,1190,15,5.95,848,78.99,13,11018,10412,85,16547.13,2851.48,2.57,42515.51,551,3.87,14250,2.62,30.39,632,4.44,1.16,3.49,498,33.23,77.16,3409
7.13E+18,1659848130,1659866145,2125.52,36799.06,17313,366,436,3.99,935,14,4.84,528,84.4,11,8237,8047,76,10100.71,2384.91,2.66,26896.98,319,2.92,10920,2.7,25.02,390,3.57,0.92,2.56,280,36.07,84.32,2608
7.13E+18,1659916959,1659952979,2129.87,67156.96,31531,561,818,3.97,1706,27,4.71,971,82.1,7,13579,12375,243,19090.4,2141.33,2.38,45475.4,564,2.74,20609,3.03,28.04,665,3.23,0.93,2.4,495,38.57,80.63,5172
7.13E+18,1660042531,1660060570,3066.52,111170.54,36253,725,1130,4.34,2320,36,5.39,1404,98.38,31,18671,17987,176,25740.65,3259.47,3.38,86916.96,884,3.39,26061,3.28,32.39,1084,4.16,0.99,2.96,772,33.34,98.32,6853
7.13E+18,1660020987,1660039002,2060.95,26963.47,13083,180,296,4.23,644,6,5.44,381,91.09,8,6294,5820,39,6273.38,2118.26,2.44,15295.93,173,2.47,6999,3.41,30.6,222,3.17,0.9,2.27,159,39.46,88.42,1751
7.13E+18,1660128916,1660146924,2796.41,103341.22,36955,961,967,3.6,2257,16,4.28,1152,106.87,26,17385,16082,137,30752.45,2853.81,2.64,81182.32,761,2.83,26897,2.99,34.18,900,3.35,1.14,2.53,680,45.22,106.68,6798
7.13E+18,1660107348,1660125367,2587,54394.33,21026,464,555,3.78,1446,14,4.61,678,98.01,14,10340,10069,98,14900.84,2541.72,2.58,38486.67,399,2.72,14692,3.07,31.12,492,3.35,1.01,2.36,346,43.07,96.46,4025
7.13E+18,1660215323,1660233331,2663.45,89734.38,33691,673,812,3.59,1899,23,4.43,1003,110.51,18,14713,13635,124,22183.79,2938.06,3.09,68574.37,610,2.7,22619,3.1,30.45,763,3.37,0.98,2.45,555,39.97,112.42,5559
7.13E+18,1660193760,1660211772,2427.98,31068.49,12796,232,295,4.54,723,8,5.62,365,105.32,11,6175,5720,49,7500.8,2391.29,2.16,16174.68,166,2.56,6492,2.62,30.22,211,3.25,1.16,2.3,149,50.34,97.44,1758
7.13E+18,1660301748,1660319794,2599.8,111006.18,42698,841,898,2.79,3604,45,3.61,1160,123.61,25,14608,14259,194,27887.28,2567.42,3.09,86275.71,688,2.14,32161,3.52,30.54,890,2.77,0.87,1.99,641,43.51,125.4,8163
7.13E+18,1660280258,1660298287,2357.12,29942.47,12703,230,307,4.71,674,7,6.05,394,97.53,5,6505,5897,51,7695.97,2650.83,2.31,17765.89,177,2.72,6512,2.31,27.27,226,3.47,1.18,2.47,161,47.8,100.37,1744
7.13E+18,1660388119,1660406128,2801.13,104431.82,37282,695,861,3.3,2726,26,4.27,1114,121.29,26,13528,13257,179,26062.38,2733.87,2.87,74733.16,602,2.31,26103,2.95,29.46,793,3.04,1,2.15,562,46.37,124.14,6476
7.13E+18,1660474590,1660492600,2345.75,86703.7,36962,549,920,3.76,2569,24,4.84,1185,94.24,27,14664,13634,144,20425.63,2387.34,2.98,60922.56,650,2.66,24459,3.59,30,846,3.46,0.84,2.38,581,35.16,93.73,6367
7.13E+18,1660453003,1660471055,2309.95,33679.07,14580,207,327,4.61,811,10,6.02,427,102.99,9,6355,5936,62,6000,1863.84,2.31,13844.63,135,1.9,7093,2.94,24.86,179,2.52,0.85,1.73,123,48.78,102.55,1762
7.13E+18,1660540181,1660558196,1932.13,31142,16118,167,322,3.53,844,16,4.48,409,96.71,6,7009,6147,61,6009.43,1849.39,2.87,17276.97,176,1.93,9127,3.3,21.75,221,2.42,0.66,1.68,153,39.28,98.16,2342
7.13E+18,1660539352,1660539777,376.54,134.8,358,1,1,0,2,0,0,1,134.8,0,26,37,0,0.1,0,0,0,0,0,0,0,6.67,0,0,0,0,0,0,0,0
7.13E+18,1660647304,1660665320,2967.95,114251.36,38495,585,1037,3.74,3103,40,4.69,1300,110.17,14,18070,16603,153,26506.99,3020.01,3.2,84693.21,759,2.74,27715,3.06,29.25,960,3.46,0.96,2.5,694,38.19,111.59,7150
7.13E+18,1660626137,1660644156,2233.61,26669.34,11940,106,288,5.16,712,16,6.49,362,92.6,1,5451,4815,36,4349.8,2238.13,2.92,12712.58,140,2.51,5582,3.28,25.53,178,3.19,0.78,2.22,124,35.08,90.8,1501
7.13E+18,1660733716,1660751755,2440.95,85413.76,34992,526,761,3.25,2517,28,4.2,983,112.24,15,15860,14154,158,21123.71,2374.31,2.75,58014.01,517,2.21,23386,3.13,28.28,672,2.87,0.9,2.01,471,44.85,112.21,5920
7.13E+18,1660713583,1660731592,2010.8,36678.96,18241,210,395,3.6,980,5,4.57,501,92.86,4,8332,7667,66,8513.48,2000.91,2.64,22470.26,239,2.18,10968,3.06,23.76,304,2.77,0.78,1.98,217,39.23,94.02,2689
7.13E+18,1660712248,1660712416,0,0,76,0,0,0,0,0,0,0,0,0,20,15,1,0.28,0,0,0,0,0,0,0,35,0,0,0,0,0,0,0,0
7.13E+18,1660820122,1660838137,2875.29,301149.44,104737,2161,2406,2.84,9144,107,3.65,3091,125.17,51,35649,32390,452,73637.25,2691.03,3.3,243131.48,1923,2.27,84626,3.93,34.2,2476,2.93,0.87,2.08,1759,41.86,126.43,21620
7.13E+18,1660798552,1660816573,2523.59,51026.99,20220,296,527,4.27,1388,8,5.4,666,96.83,4,10285,9362,96,9969.55,2275.64,2.86,28497.89,295,2.39,12332,3.08,24.89,390,3.16,0.81,2.08,257,38.79,96.6,3203
7.13E+18,1660884964,1660902977,1748.85,46762.6,26739,398,458,2.59,1464,9,3.2,566,102.1,8,10034,9920,92,12198.05,1575.76,2.59,31581.4,314,1.78,17688,3.28,22.61,380,2.15,0.69,1.59,281,43.41,100.58,4453
7.13E+18,1660992913,1661010955,1965.06,131549.28,66944,974,1072,2.09,4596,65,2.6,1330,122.71,25,20469,18746,276,32727.24,1744.62,2.96,96744.18,781,1.53,51180,3.78,24.2,987,1.93,0.64,1.41,723,45.27,123.87,12505
7.13E+18,1661079314,1661097324,2313.2,98274.12,42484,650,823,2.72,2926,67,3.39,1027,119.41,13,16307,15412,203,22585.43,2165.44,3.06,69216.1,578,1.91,30274,2.97,22.18,732,2.42,0.75,1.78,538,41.98,119.75,7481
7.13E+18,1661058016,1661076040,2079.38,46474.05,22350,340,461,3.44,1400,22,4.1,550,100.81,10,8858,8536,137,8528.84,1607.37,2.67,22752.38,235,1.75,13399,3.15,20.06,285,2.13,0.64,1.49,200,42.64,96.82,3333
7.13E+18,1661144170,1661162178,1730.27,47890.44,27678,320,483,2.6,1385,22,3.17,587,99.15,5,9943,9896,110,12051.95,1396.56,2.37,28563.9,288,1.55,18543,3.33,21.66,355,1.91,0.65,1.44,267,45.14,99.18,4479
7.14E+18,1661252141,1661270163,2640.14,107495.9,40716,800,904,3.66,2568,31,4.51,1112,118.91,100,20955,19759,192,23342.96,2680.74,2.94,68707.3,586,2.38,24671,2.83,26.8,730,2.96,0.95,2.15,531,43.96,117.25,6157
7.13E+18,1661230543,1661237753,2285.03,21259.9,9304,141,192,2.9,592,9,3.41,226,110.73,9,4675,4554,43,5426.71,2163.29,2.5,13546.5,124,1.87,6632,3.67,30,146,2.2,0.82,1.72,114,47.6,109.25,1531
7.14E+18,1661338537,1661356567,2309.62,127313.2,55123,1716,1045,2.73,4051,46,3.45,1320,121.83,124,21325,21373,226,29464.63,2203.54,3.17,93513.68,771,2.02,38262,3.35,25.83,991,2.59,0.77,1.82,697,42.27,121.29,9966
7.14E+18,1661424923,1661442943,2484.19,147103.6,59216,1605,1153,2.94,4448,56,3.66,1434,127.58,108,24346,24522,234,32746.62,2362.91,3.22,105317.2,825,2.11,39164,3.59,30.02,1029,2.63,0.84,1.91,747,43.84,127.66,10447
7.14E+18,1661511306,1661529333,2557.86,89059.72,34818,523,716,3.24,2252,37,4.1,907,124.39,64,17302,16509,175,20251.2,2474.28,2.89,58566.32,474,2.14,22123,3.18,29.1,600,2.71,0.92,1.96,433,46.77,123.56,5753
7.14E+18,1661489791,1661507807,1826.25,39229.76,21481,383,354,2.65,1125,17,3.2,428,110.82,6,8490,8396,62,9563.72,1493.09,2.26,21593,197,1.47,13383,3.59,25.68,249,1.86,0.71,1.34,179,53.43,109.61,3426
7.14E+18,1661597748,1661615757,2486.23,79862.71,32122,345,641,3.11,2282,27,3.87,797,124.59,62,13568,13328,183,15871.64,2110.9,2.85,45272.55,365,1.77,20594,3.81,29.38,463,2.25,0.77,1.65,339,46.82,124.03,5105
7.14E+18,1661576080,1661594097,1927.94,39254.84,20361,227,348,2.77,1075,15,3.24,407,112.8,17,8353,8336,85,10088.23,1515.53,2.03,20503.64,189,1.5,12564,3.32,26.65,225,1.79,0.8,1.38,173,58.31,108.48,3126
7.14E+18,1661684159,1661702167,2546.14,114953.15,45148,637,900,2.87,3293,53,3.48,1093,127.73,36,19124,19059,293,25140.1,2314.6,3.06,77043.85,608,1.94,31393,3.52,28.15,749,2.39,0.8,1.82,572,43.95,126.72,8041
7.14E+18,1661662480,1661680489,2146.49,43415,20226,199,358,2.95,1209,13,3.61,439,121.27,14,8128,8146,76,9264.32,1727.93,2.43,22535.6,187,1.54,12147,3.39,25.88,241,1.98,0.76,1.43,174,53.24,120.51,3097
7.14E+18,1661748862,1661766871,2043.18,54941.1,26890,355,457,2.54,1603,25,3.32,597,120.22,8,10566,10114,109,12307.02,1658.25,2.59,31826.8,263,1.46,17989,3.84,26.29,349,1.94,0.68,1.28,230,53.51,121.01,4726
7.14E+18,1661856913,1661874922,2455.75,111451.77,45384,636,902,2.95,3635,52,3.68,1126,123.56,72,19315,20073,215,25152.98,2328.66,2.98,75031.61,607,1.98,30617,3.78,31.02,771,2.52,0.82,1.82,556,45.24,123.61,7632
7.14E+18,1661840676,1661853310,2443.19,32626.4,13354,156,265,3.55,865,10,4.48,334,123.12,4,5759,5763,40,6962.99,2430.18,2.71,18836.3,153,2.05,7458,3.78,35.25,189,2.53,0.93,1.88,140,49.74,123.11,2041
7.14E+18,1661835282,1661838889,1785.81,7750.4,4340,49,63,2.73,306,3,3.29,76,123.02,1,1560,1603,18,1566.81,1104.96,1.66,2604.4,24,1.04,2311,3.34,22.65,29,1.25,0.68,0.91,21,74.61,108.52,604
7.14E+18,1661943306,1661961313,2768.21,125217.4,45234,610,1019,3.27,3944,51,4.01,1250,122.88,36,18962,19439,196,26793.37,2503.62,3.1,83085.1,678,2.17,31200,3.84,32.94,848,2.72,0.86,1.96,612,43.78,122.54,7934
7.14E+18,1661921709,1661941518,2026.01,38275.39,18892,191,338,3.04,1038,19,3.86,429,113.24,7,8013,7961,80,8864.92,1644.1,2.16,19122.5,170,1.53,11116,3.74,29.8,208,1.87,0.8,1.34,149,59.5,112.49,2861
7.14E+18,1662029781,1662047789,2683.82,121112.8,45127,571,1143,3.58,3851,80,4.38,1401,105.96,15,21999,21334,234,27419.41,2460.96,3.02,82742.5,801,2.51,31951,4.18,35.9,981,3.07,0.86,2.23,713,38.46,103.3,9052
7.14E+18,1662008109,1662026119,2520.2,33979.83,13483,124,293,5.07,773,11,6.23,360,115.97,2,6312,6187,50,5105.47,2202.44,2.62,13353.4,118,2.04,5778,3.8,33.56,143,2.47,0.88,1.8,104,49.09,113.16,1670
7.14E+18,1662116113,1662134128,2746.74,89400.77,32548,370,791,3.84,2689,31,4.77,983,113.02,23,14565,14703,126,18788.91,2605.7,3.02,56689.7,509,2.47,20596,3.77,34.38,617,3,0.91,2.23,460,40.85,111.37,5296
7.14E+18,1662101706,1662113414,2588.85,19519.94,7540,75,189,7.17,458,10,8.65,228,103.28,5,3726,3590,19,2557.17,2437.44,2.68,6841.9,66,2.5,2636,4.15,40.22,77,2.92,0.97,2.12,56,45.66,103.67,740
7.14E+18,1662094733,1662101171,2314.68,15830.1,6839,74,142,3.63,459,5,4.66,182,111.48,3,3283,3178,24,3956.36,2019.5,2.02,7985.1,78,2,3907,3.44,34.82,103,2.64,1.01,1.92,75,52.75,102.37,1074
7.14E+18,1662202506,1662220518,2270.3,83158.73,36629,355,736,3.04,3114,54,3.73,905,112.99,9,14808,14838,176,18218.19,1981.69,2.78,50683.81,468,1.93,24234,4.17,31.34,580,2.39,0.75,1.75,425,42.87,108.3,6552
7.14E+18,1662288907,1662306933,2738.04,182027.66,66481,1130,1787,3.45,5870,109,4.22,2187,101.86,29,32527,30153,412,41974.24,2524.15,3.22,135274.35,1351,2.61,51797,3.7,29.97,1650,3.19,0.81,2.29,1185,35.42,100.13,14619
7.14E+18,1662267310,1662285318,2527.2,48997.44,19388,262,433,3.85,1441,19,4.69,527,113.16,9,9278,8858,85,9688.77,2164.89,2.59,25084.6,231,2.05,11247,3.69,31.76,289,2.57,0.86,1.87,210,46.14,108.59,3018
7.14E+18,1662353719,1662371728,2399.43,49905.67,20799,193,436,3.34,1475,37,4.16,542,114.46,8,9454,8925,92,10973.2,1917.65,2.34,25723.3,236,1.81,13035,4.3,36.18,299,2.29,0.84,1.6,208,52.76,109,3480
7.14E+18,1662461719,1662479728,2842.58,159565.64,56134,958,1482,3.61,4450,72,4.57,1876,107.67,36,25302,23207,247,38011.66,2675.78,3.02,114799,1067,2.6,41020,3.34,31,1370,3.34,0.93,2.28,937,40.57,107.59,11436
7.14E+18,1662422115,1662440124,2989.76,38744.33,12959,137,322,5.12,1037,18,6.01,378,120.32,2,6903,6434,60,5816.98,2311.85,2.56,14904.5,133,2.11,6293,3.78,34.96,157,2.49,0.92,1.8,113,51.48,112.06,1857
7.14E+18,1662548108,1662566116,2359.06,76115.2,32265,408,700,3.26,2157,56,4.18,897,108.74,15,14428,12674,145,18752.95,2165.61,2.59,48643.9,449,2.09,21447,3.61,31.54,595,2.77,0.87,1.87,401,46.77,108.34,5582
7.14E+18,1662508525,1662526533,2604.97,33935,13027,191,290,4.13,961,15,5.28,371,117.02,5,6417,6137,57,6677.48,1961.83,2.1,13995.7,126,1.79,7027,3.07,29.2,171,2.43,0.95,1.55,109,61.26,111.08,2117
7.14E+18,1662634503,1662652516,1792.22,164966.74,92046,2732,1809,2.32,14701,467,3.03,2359,91.19,54,30097,30209,371,39485.57,1589.86,3.24,127757.98,1419,1.82,77896,4.03,20.45,1900,2.44,0.51,1.63,1267,31.16,90.03,26190
7.14E+18,1662595339,1662613348,2501.29,37907.06,15155,177,351,3.58,1001,16,4.4,431,108,5,7028,6596,66,8736.83,2189.83,2.53,22093.2,206,2.1,9805,3.61,32.2,251,2.56,0.89,1.88,184,47.48,107.25,2732
7.14E+18,1662720921,1662738949,2156.27,185607.27,86078,2705,2039,2.96,9926,263,4.05,2791,91.03,64,29381,27872,432,46398.62,2070.32,3.19,147895.65,1643,2.39,68832,2.96,19.95,2302,3.34,0.67,2.18,1501,30.91,90.02,21192
7.14E+18,1662807374,1662825435,2210.55,200510.5,90706,3065,2148,3.09,10296,302,4.3,2990,93.35,63,33550,30562,376,49272.31,2136.49,3.12,153575.25,1677,2.41,69535,2.4,16.99,2376,3.42,0.71,2.19,1520,32.42,91.58,20397
7.14E+18,1662767768,1662785777,1892.17,46153.76,24392,362,474,2.83,1988,57,3.53,591,97.37,7,8880,8289,120,10750.21,1654.7,2.69,28892.72,309,1.85,16745,3.4,21.82,392,2.34,0.64,1.65,276,38.95,93.5,4904
7.14E+18,1662893711,1662911721,2251.91,175714.14,78029,2472,1919,3.07,8384,228,4.19,2619,91.57,49,29956,27989,328,44368.27,2207.63,3.22,142988.45,1574,2.52,62436,2.69,19.12,2162,3.46,0.71,2.28,1421,31.22,90.84,18619
7.14E+18,1662854509,1662872518,2033.15,39758.34,19555,484,409,3.55,1931,64,4.68,539,97.21,8,7625,7049,91,6653.9,1625.84,2.88,19137.81,207,1.8,11509,3.19,18.46,299,2.6,0.58,1.6,184,36.16,92.45,3963
7.14E+18,1662940862,1662958869,1967.38,42359.72,21531,521,437,2.97,1957,59,4.13,607,96.93,9,8537,7956,105,10361.32,1735.97,2.54,26329.44,283,1.93,14697,3.01,21.22,403,2.74,0.7,1.74,255,40.63,93.04,5087
7.14E+18,1663066504,1663084515,2192.7,119173.1,54350,1747,1272,3.03,5551,136,4.09,1717,93.69,34,22833,20950,201,30440.1,2011.72,2.86,87209.91,958,2.28,42017,3.17,22.96,1344,3.2,0.72,2.14,900,33.82,91.03,11827
7.14E+18,1663027148,1663045163,2374.99,38750.33,16316,431,394,4,1920,58,5.12,505,98.35,8,7568,6988,92,7466.2,1887.14,2.55,19029.96,203,2.06,9855,3.84,29.08,269,2.73,0.76,1.84,181,41.25,93.74,3424
7.14E+18,1663152972,1663171001,2168.28,116651.26,53799,1453,1163,2.87,5794,121,3.91,1582,100.3,50,22613,20875,220,30246.79,2093.76,2.9,87856.47,891,2.2,40460,3.32,24.82,1244,3.07,0.75,1.97,796,38,98.6,11316
7.14E+18,1663239306,1663257327,1931.4,217947.14,112844,4101,2396,2.55,18131,663,3.43,3228,90.96,96,39418,36265,456,55281.73,1796.12,3.22,177825.06,1971,2.1,94014,4.69,27.55,2689,2.86,0.59,1.83,1725,32.05,90.22,30632
7.14E+18,1663203280,1663217722,1739.64,51401.19,29547,671,724,3.29,3853,120,4.03,887,71,19,15125,14381,202,13498.43,1373.1,2.3,31008.68,436,1.98,22036,4.08,25.01,535,2.43,0.61,1.64,361,37.39,71.12,7853
7.14E+18,1663325705,1663343737,1927.54,191302.07,99247,2937,2072,2.52,14329,404,3.7,3048,92.33,117,35511,31301,404,49211.76,1722.38,2.98,146619.57,1611,1.96,82288,4.16,24.88,2445,2.97,0.6,1.69,1388,35.46,91.01,25158
7.14E+18,1663306655,1663319071,1760.99,33499.31,19023,352,349,2.74,1542,57,3.61,460,95.99,8,9364,8363,67,8377.33,1485.73,2.34,19570.05,212,1.67,12725,3.25,21.41,275,2.16,0.66,1.49,190,44.09,92.31,3993
7.14E+18,1663304459,1663306537,463.89,834.53,1799,9,16,0,36,6,0,21,52.16,0,423,398,18,0,0,0,0,0,0,0,0,0,0,0,0,0,0,0,0,0
7.14E+18,1663412109,1663430129,1922.69,155943.81,81107,1879,1783,2.83,11314,361,3.98,2506,87.46,106,28962,26124,385,37043.32,1710.81,3.05,112947.71,1293,2.05,62984,4.36,25.62,1854,2.94,0.59,1.81,1138,32.55,87.35,19965
7.14E+18,1663498549,1663516558,1937,154969.87,80005,2390,1724,2.88,11938,421,3.76,2252,89.89,75,32750,30135,395,35603.03,1702.85,2.95,105062.58,1182,1.97,59944,3.66,21.76,1591,2.65,0.59,1.69,1016,35.04,88.89,19966
7.14E+18,1663459241,1663477243,1440.14,54162.19,37609,1028,576,2.07,6247,244,2.78,771,94.03,9,13575,12609,269,12233.58,993.32,2.32,28441.62,311,1.12,27780,4.82,21.23,445,1.6,0.44,0.99,275,44.49,91.45,11008
7.14E+18,1663545314,1663563322,1977.44,56028.75,28334,664,557,2.93,3177,101,3.64,691,100.59,16,12367,10952,162,10418.4,1312.09,2.45,25504.49,270,1.42,19008,4.18,22.89,359,1.89,0.55,1.26,240,43.41,94.46,6446
7.15E+18,1663671331,1663689338,2283.67,140690.21,61607,1495,1529,3.25,6589,176,4.34,2042,92.01,53,26238,23465,238,34446.56,2172.98,3.09,106445.53,1160,2.46,47065,3.12,22.82,1599,3.4,0.73,2.24,1052,32.74,91.76,14341
7.15E+18,1663631768,1663649778,2787.77,49357.48,17705,269,483,4.54,1488,28,5.86,623,102.19,10,9943,8321,85,8550.89,1932.34,2.45,20936.87,224,2.11,10637,3.31,26.63,312,2.93,0.8,1.85,197,43.41,93.47,3388
7.15E+18,1663757705,1663775712,2065.62,106166.59,51397,927,1189,3.22,4545,96,4.19,1546,89.29,37,21044,18928,232,26064.57,1855.12,2.78,72342.4,828,2.24,36911,3.25,22.94,1080,2.93,0.71,10,3692,7.06,87.37,9947
7.15E+18,1663718657,1663736669,2601.47,63403.09,24372,370,627,3.76,1668,31,4.67,780,101.12,13,12377,10427,89,12004.3,1992.12,2.79,33507.5,342,2.05,16690,3.24,23.29,439,2.63,0.72,1.87,312,38.48,97.98,4746
7.15E+18,1663847714,1663862123,2054.87,91743.84,44647,1065,949,2.93,4699,133,3.9,1261,96.67,30,18877,17989,233,21321.29,1836.68,2.93,62401.2,667,2.06,32336,3.62,23.88,918,2.84,0.66,1.96,633,33.68,93.56,9528
7.15E+18,1663844121,1663845416,882.58,2588.6,2933,41,32,1.5,249,7,1.83,39,80.89,0,830,727,7,1617,618.84,0.74,1198.7,14,0.66,2132,3.06,23.22,14,0.66,0.76,0.66,14,115.5,85.62,514
7.15E+18,1663930513,1663948534,2300.6,116569,50669,1215,1272,3.46,4799,106,4.37,1607,91.64,26,26572,23976,201,28598.33,2186.66,2.97,84851,951,2.59,36736,3.29,25.59,1216,3.31,0.78,2.28,838,34.13,89.22,10997
7.15E+18,1663891216,1663909228,2445.56,50473.9,20639,409,505,3.59,1853,64,4.49,631,99.95,8,10664,9783,131,10880.35,1994.87,2.66,28889.7,301,2.14,14049,3.05,23.59,390,2.78,0.77,1.92,270,40.3,95.98,4515
7.15E+18,1664016921,1664035016,2415.69,108824.6,45049,1115,1110,3.47,4670,96,4.44,1421,98.04,39,23696,21934,246,24983.17,2286.79,3.05,76280.6,800,2.5,32029,3.24,25.31,1036,3.23,0.78,2.2,706,35.39,95.35,9746
7.15E+18,1663977464,1663995472,1876.39,40989.8,21845,455,409,2.65,2284,75,3.26,503,100.22,12,8887,8603,147,9104.47,1343.89,2.37,21542.6,225,1.46,15417,3.85,22.73,284,1.84,0.59,1.33,205,44.41,95.74,5267
7.15E+18,1664104319,1664121869,2479.75,128118.6,51666,998,1311,3.64,4726,87,4.49,1614,97.73,31,26952,25416,251,28889.57,2342.63,3.06,88399.12,922,2.56,35968,3.39,27.24,1150,3.2,0.8,2.28,820,35.23,95.88,10423
7.15E+18,1664103308,1664103853,170.44,81.3,477,4,2,1.12,21,0,2.25,4,40.65,0,88,87,0,68.1,517.39,1.05,71.4,1,0.56,178,2.1,8.03,1,0.56,0.38,0.56,1,68.1,71.4,16
7.15E+18,1664063887,1664081907,2144.23,44196.88,20612,416,451,3.27,1881,52,4.17,575,98,12,9206,8266,152,9491.17,1829.16,2.72,25809.5,271,1.97,13791,3.43,23.6,355,2.57,0.69,1.81,249,38.12,95.24,4281
7.15E+18,1664168195,1664186218,1693.2,33223.9,19622,257,331,2.72,1427,49,3.41,415,100.37,8,8025,7030,93,6900.17,1148.6,2.11,14560.8,155,1.27,12182,3.85,21.81,206,1.69,0.57,1.16,141,48.94,93.94,3777
7.15E+18,1664276108,1664294124,2134.08,75030.12,35158,578,779,3.6,2991,76,4.67,1010,96.32,21,17835,16333,189,16241.3,1970.64,2.73,44331.52,472,2.18,21650,3.19,23.95,624,2.88,0.75,1.94,419,38.76,93.92,6497
7.15E+18,1664254632,1664272643,1948.65,31088.7,15954,265,309,3.44,1424,46,4.4,395,100.61,9,7061,6385,60,5659.63,1471.35,2.42,13677.7,146,1.63,8972,3.63,22.9,198,2.21,0.63,1.49,134,42.24,93.68,2766
7.15E+18,1664362515,1664380531,2243.06,70355.72,31366,383,736,3.86,2503,44,4.73,902,95.59,9,15328,13888,104,15181.67,2176.58,2.86,43368.3,470,2.46,19067,3.32,26.42,585,3.07,0.8,2.25,429,35.39,92.27,5402
7.15E+18,1664341127,1664359141,1890.79,36246.4,19170,240,379,3.37,1231,39,4.12,463,95.64,10,8386,7451,64,7609.31,1616.94,2.47,18832.5,212,1.89,11237,3.5,23.69,265,2.36,0.68,1.67,188,40.48,88.83,3434
7.15E+18,1664448916,1664466926,2051.15,61752,30106,389,657,3.54,2424,38,4.49,833,93.99,14,14437,12975,129,13704.54,1852.35,2.62,35930,399,2.15,18545,3.28,24.28,523,2.82,0.74,1.98,367,37.34,90.05,5265
7.15E+18,1664427905,1664445917,1744.12,32020.25,18359,249,336,3.03,1045,33,4.08,452,95.3,14,8042,7170,58,8536.69,1624.19,2.17,18562.85,200,1.81,11075,3.15,24.25,269,2.43,0.77,1.61,178,47.96,92.81,3078
7.15E+18,1664582079,1664600096,1810.85,27977.7,15450,224,274,3.35,1057,27,4.48,367,102.11,4,6144,6046,85,5011.58,1452.49,2.3,11516.8,117,1.43,8184,2.98,18.24,161,1.97,0.61,1.21,99,50.62,98.43,2325
